plot_order,point_id,model,nonideal,cls,x,y
0,ee80c3b334a3bc9e9357d074,cs14,True,chaos_candidate,2.451175632028635,16.178676845498348
1,bac462495c0afeb2317c4b89,oregonator,False,cycle,0.014309362139645253,1.2671607655643258
2,7bc751853e8265bb21fa76d9,oregonator,False,cycle,0.6143510144396185,12.414377278169908
3,6ddab6ac0b497907b303cc5d,oregonator,False,cycle,0.04681705037137326,3.820660708592796
4,454555f7e1ecac17034b00de,wr,False,cycle,0.14496883258330764,2.7159666195359695
5,630ce39064d4dd10cf884a8f,wr,True,cycle,25.24682694209999,97.87143975695268
6,cccdc667295c4c46236d49fd,wr,True,chaos_candidate,13.377788836448826,48.23104299571259
7,f6e64cf22d695bd4af7537b0,oregonator,False,cycle,0.03351240989202829,0.11887789676837555
8,84deda8128945210f5f34190,oregonator,True,cycle,0.27658402505428187,1.1846412375355708
9,22aaa6f993ac0530631eb330,oregonator,False,cycle,0.26866660676434284,0.8203953878022416
10,130d7cd90354f10e2a6a109c,wr,True,chaos_candidate,11.256605907696969,42.76127142330029
11,de77ab130a403e3ffd11893d,wr,True,chaos_candidate,3.7084062324601232,26.243833961617497
12,9bf13e3c916c34f5bcb7642b,brusselator,False,cycle,4.030319608684276,14.863597508600481
13,30276f91e4f29cbe8b3b837d,cs14,True,chaos_candidate,0.9468794736851004,5.169267724994477
14,7d8614bf80ab08e5df6ffe55,wr,False,cycle,5.2359444594696525,148.77648252852168
15,b21419e489722c2ea4e65b3e,cs14,False,chaos_candidate,0.4048112516209735,1.8944586607239273
16,0a51b047ef1f2ce63bf36c00,cs14,False,cycle,114.47639466829582,652.744774132012
17,258c307ef6f64456f0fa2e0a,cs14,True,chaos_candidate,4.363159924102689,17.84645327578721
18,679082cc2c9682e0aa56a29a,cs14,True,chaos_candidate,2.3946569579558923,12.458918940134183
19,1c08e0da2dbc323ced3e38a6,wr,False,cycle,0.2792287171170682,16.02491012295553
20,0a16aec0457db40087de50e7,cs14,True,chaos_candidate,7.750189663506916,52.406613846806415
21,26e443a40b3e89c2b6625241,cs14,True,chaos_candidate,0.5317824969028219,2.601417566247752
22,e8fecf64ffb59b78c125089a,cs14,False,chaos_candidate,11.910890077358388,123.58974204379058
23,367943610503bd5e86f9c881,wr,True,cycle,28.691232154634754,99.34872007817032
24,6b9b35bb73bcb8609fb4499c,cs14,True,chaos_candidate,0.8937105784341409,4.872578792173994
25,0fd4e393ce7844dd12fc5a4b,wr,False,cycle,0.3967830985796935,23.36762457539636
26,c23e02cbc21f581d029c5c7d,wr,False,cycle,3.3356285176604707,80.62793557679501
27,6759690e8d64901d5c9ac315,cs14,False,chaos_candidate,2.644465885140808,13.086658113429065
28,2d654bcde665bac2850a6f72,oregonator,True,cycle,0.08586924190210182,0.9589678130072116
29,0f71d9c78d9c8f95398d0c55,cs14,True,chaos_candidate,4.302420224695975,20.87047829219284
30,53b5b20b530d89fc45f216a7,oregonator,True,cycle,0.2771017941274132,1.3143006215166801
31,d161c64f8220e0335bacc820,oregonator,True,cycle,0.22826076430720182,4.555356544335487
32,0c81b65017b2e523c853b43b,cs14,False,chaos_candidate,12.630149521746391,132.4073731801041
33,e32e97dc4056a3ab941858da,wr,True,chaos_candidate,6.831276752448171,25.002232276719678
34,61084c236330b0af573e4ef8,cs14,True,chaos_candidate,7.074453277328698,44.06539184191149
35,432aa7754ea23906dd444b87,oregonator,False,cycle,0.08883609340563664,1.5021566055025843
36,c422680b6e9e1673d8a5af91,wr,False,cycle,0.6841371561673154,20.30194159740997
37,914eeff639dc3a2f07a559f7,cs14,False,chaos_candidate,0.39020235716977264,3.1650375741408467
38,550548fc33a54d7ec6d93d4c,cs14,True,chaos_candidate,1.0245577076399464,5.808703517077635
39,cc0e6d2a04b870f45bdbc1ae,cs14,False,chaos_candidate,3.770031962638131,52.265844831757555
40,25836d01910eba9c5137d711,wr,True,chaos_candidate,18.065024312109564,64.2973610525912
41,07872a5f451283b277494225,wr,True,chaos_candidate,7.000291267655907,23.85826662913195
42,5e7f585f688a1829c8908e97,oregonator,False,cycle,0.060484808968601554,0.7773137417963548
43,1a941397f66248f3f85a85fc,wr,True,cycle,44.274716885400096,193.80889933714124
44,fa8bea997cafa293ed5a7498,wr,True,cycle,0.3460519388238488,3.1495666187425857
45,dba4e4d9611860767d299148,wr,True,chaos_candidate,5.758431509120145,58.9170081494571
46,dac5a95038db4c1deb87bab6,cs14,True,chaos_candidate,42.06055276925837,263.39774521244345
47,073b069c8fc1afb930f67f60,cs14,True,chaos_candidate,2.3407333561869637,16.43328086322477
48,3109ae48c4f44124e2ddc2b2,oregonator,False,cycle,0.03007867413611589,0.11159508886395195
49,5d36307c886145c8ab67eb20,oregonator,True,cycle,0.26041369382906365,6.145334194089897
50,822844a1f46d77155f5dded0,wr,True,cycle,60.65996214607277,212.55714588858007
51,682c77c5c3e04a897ef8f412,cs14,False,chaos_candidate,0.8788315938086758,4.143092654245644
52,41f82dc0db7bdf4003b3e9c9,wr,False,cycle,0.2876070727968116,25.052478936774634
53,78242524af681cd3a5c7d1f9,cs14,False,chaos_candidate,3.8566258661635375,19.567948830375084
54,14846cd02740c18e1ec0dcd9,wr,False,cycle,3.354054931606368,65.24499602003853
55,33d2daadfc10405a67284842,wr,False,cycle,2.359437223398667,39.83874908025896
56,d8d3fb33b2317b2dc3594101,cs14,True,chaos_candidate,1.112095493203994,6.031101992589711
57,80b94b1e9f66714c79add127,cs14,True,chaos_candidate,0.34712334732401634,1.8645952191007733
58,7c612c010b9d6a163b3dd78c,cs14,False,chaos_candidate,8.631516710677266,74.13449685710158
59,f8f1b8e3ad8eb9886a63ca85,cs14,False,chaos_candidate,9.053824679369072,80.3294542824499
60,84ad782d559837fd5ab8fcc1,cs14,True,chaos_candidate,15.986787396410014,88.44937562324134
61,fccb72a7f6972f1b41f43380,oregonator,True,cycle,0.04395212225157365,0.40305236203337397
62,675c593139e53d431784dbe1,cs14,False,chaos_candidate,9.667305496161367,88.42785956482372
63,2b374357e904433bd96c4431,cs14,False,chaos_candidate,0.7876049933714845,3.892908455472302
64,a2112dcf7596a0429ca50f90,wr,True,cycle,0.5328889489225286,6.742909291951622
65,b1ac4cc6f276630abb26cffb,oregonator,False,cycle,0.11524189614882993,0.7216474057778454
66,5aeadfd0d22b3a8d8b6295c4,oregonator,False,cycle,0.09401472277330278,3.0174608297535275
67,ee7d2466e94d65931574bd53,cs14,True,chaos_candidate,1.1020475198016235,5.625151024067648
68,fbb4dcf2d0e6e17b631e3628,cs14,True,chaos_candidate,12.268082106333907,68.99817688342858
69,461793f5931acf849d79142a,cs14,False,chaos_candidate,22.00553706482631,105.65792395402754
70,5743dbdb2e8523761bf9ac57,oregonator,False,cycle,0.03677580110913625,0.15590654702938997
71,fb74d2143cdca6a630c49c08,wr,True,cycle,0.11258798903886895,3.640002611172728
72,25e03500cec1ccf7a52f1e15,wr,False,cycle,0.1509158154155248,6.8493655851041595
73,ee792c5964d68421f4740e37,oregonator,False,cycle,0.04730465429453427,1.9463034407754354
74,707eea0f7c5dc8d280e5bcb8,cs14,False,cycle,119.5337756480598,463.97981395324376
75,5a66829b09660f0e42cc1514,oregonator,False,cycle,1.2034497174147334,16.012108885471704
76,b25c6fe1e2fabeda5d1fc3a1,cs14,False,chaos_candidate,16.88318467576169,80.24544888063431
77,ae7c638f249d7f21daf5c046,cs14,False,chaos_candidate,3.8260734214679166,21.748122703761357
78,e5d4f189ebb77a634c29bddb,oregonator,True,cycle,0.056248258712356725,0.5207029713959371
79,b51771a31df337bb483b61de,oregonator,False,cycle,0.039367703922556695,1.0370838883710032
80,23f64dbdfde69244efc8720a,cs14,True,chaos_candidate,1.4725752329946697,7.918382620922187
81,42e69658e94ab479dd44c024,wr,True,cycle,0.9365476235503158,8.338988485261636
82,48d6abc3d9739a20b54ff973,oregonator,True,cycle,0.06263062875650817,1.8901570063089812
83,3e72da32b9e590519a8c6b17,wr,True,cycle,2.0461258008324448,34.65976126139852
84,3c67db37a039a39e567576c6,cs14,False,chaos_candidate,0.8384395734430037,5.3657852128967285
85,2583259c0d3bf9f3d296fc67,brusselator,True,cycle,2.628599113882531,8.375332246590768
86,e80add8c3f500b32010ce9c5,cs14,False,chaos_candidate,0.4274775479875627,2.6794499913126573
87,60f2a10d756a5e6d7b159171,oregonator,True,cycle,0.09068207260211791,1.6348991247850693
88,5386f7adae289d9d4b9bd680,wr,True,cycle,1.4026247632785727,10.654994870504877
89,54a7fd031aecce2cac9d1d91,cs14,True,chaos_candidate,1.0502845071438516,5.5615583468423955
90,22be6adfb58afd45f3488b18,cs14,True,cycle,0.5105884396042625,1.4127130308234739
91,06b5a1752b4aa372a86474bd,cs14,True,chaos_candidate,0.5202613555607984,2.884192893308135
92,90122f0b4b8712ae7f1179fa,wr,False,chaos_candidate,11.56557219847704,36.76060968456252
93,1ffc893b10b062bd468fbc70,cs14,False,chaos_candidate,9.76215125120401,113.02726061031201
94,4edc824bf313cdd16a4f2f67,cs14,False,chaos_candidate,20.81619605548957,201.67791659739103
95,da92eda10f206d2af35e0341,wr,False,cycle,0.42732785216830177,19.800091728767132
96,f815397442462a71f3f9d701,oregonator,True,cycle,0.08517463576712109,0.7348019707848055
97,d46bd839b3a5ada11633f9e2,cs14,False,chaos_candidate,3.4577904409722047,20.846750121871356
98,5ce7d813cff74f7ad8e16ee4,cs14,False,chaos_candidate,9.817382544125683,103.06433482167019
99,7a9300ecd3b91c4b17947a1a,cs14,False,chaos_candidate,4.584233051620967,25.30388064611799
100,0517ecc4ac61545fa811d300,cs14,True,chaos_candidate,0.5448968921548016,2.983684599547683
101,6d9a6fff74a9b9ce54d86e14,cs14,False,cycle,67.30911251595366,249.75739086201045
102,d8da363c2c8d4d73eb3029b3,cs14,True,chaos_candidate,1.652291813933208,9.533255079944176
103,8f8e01190191c463595939ff,oregonator,False,cycle,0.03629546646141148,0.6139513276653066
104,6349b5083283fad3131511b2,cs14,True,chaos_candidate,2.124632842289826,12.610606575469893
105,413bed69650281924605efca,cs14,True,chaos_candidate,2.485963709277954,13.245994026939778
106,f0ba7f2f8db421f4c214c9c6,oregonator,False,cycle,0.9880459506208356,25.714127371198995
107,3a3790c452cfdd37a9ad7d2a,wr,False,cycle,0.9581388161208683,38.811969888028294
108,80267f0cacc47c942ef72016,cs14,False,chaos_candidate,21.261794022335792,187.05995512509398
109,8c84ccf3bec1d04b2cf569f8,wr,True,cycle,1.3238933982245176,15.602708608185035
110,89930a589af0af9ad854bba4,oregonator,False,cycle,0.1325528042126804,0.822649558040242
111,988ea12a68477401dfa37dd0,cs14,True,chaos_candidate,12.941564806686708,64.24518029253217
112,bd10e926c2c7864b18a723d5,oregonator,False,cycle,0.03751224173070863,1.2788478899987674
113,a14211a376193ec4b9b731af,cs14,True,chaos_candidate,0.5737555199076464,3.4916953722063293
114,10e5b7670b05edcecdc5239a,wr,True,chaos_candidate,3.924087638618052,26.23974434251005
115,bb141bb7087c0ed1d95932c9,oregonator,True,cycle,0.1272416896449784,1.4076130789410952
116,65117f3b51710f6f26df43b9,cs14,True,chaos_candidate,4.153568383756031,22.558542266074284
117,77966c630a38c1871807e9ce,oregonator,False,cycle,0.05262229808582167,2.552133197162471
118,da7d254725c24162d4b7dca9,brusselator,True,cycle,3.415540742457561,9.271200002584226
119,941af7269a71a1dd684e51b5,cs14,False,chaos_candidate,0.5646160806444286,3.4051516166595692
120,fb80e88a9e636758b55d7422,cs14,True,chaos_candidate,2.1580635347384587,10.981909978040884
121,1cfd35b5d3298835fdb56c14,cs14,True,chaos_candidate,1.175847233288898,5.84875930053839
122,cf0f38e7ca21c47212d3384b,cs14,False,chaos_candidate,17.968346652535082,104.62452842722378
123,eee02ada3ada056c95856706,cs14,False,chaos_candidate,3.5505264417354088,42.900643941908726
124,7721a1b4eed26edfb75dad9e,cs14,False,chaos_candidate,1.3768850213156045,12.566302907046206
125,0ae7d16707528be9772aae62,wr,False,cycle,0.49137498661201445,24.62811377165263
126,f25ce1e398e743be938b4495,oregonator,True,cycle,0.01957084353739528,0.08893858905145352
127,e4f885d75c07671b9cfe464c,cs14,False,chaos_candidate,3.3971182130477398,17.706646525418446
128,2ecfd803117796130a94a975,oregonator,True,cycle,0.07266457995585417,1.829741293371996
129,62ee516825ce6cc3e6a0b583,oregonator,True,cycle,0.9800880593880321,11.894956961869921
130,019024a86fd40f3badf0a7a7,cs14,False,chaos_candidate,1.3918508049982539,10.077200652612888
131,1111d8859ed05fb538ec77db,wr,True,chaos_candidate,12.531488761223574,49.881282432676755
132,6b8a0ff630c8db11a50ac5db,wr,False,cycle,0.06234362602754328,4.316338096402146
133,74b65dd2215caa7390b61e55,oregonator,False,cycle,0.10622760344879252,0.4543437961117289
134,f11aa3c27cc61e1885621c35,cs14,False,chaos_candidate,2.889364170106418,14.229810433635114
135,801e265527336841c4513726,cs14,False,chaos_candidate,7.587382971275547,63.895024117936394
136,461ad13b93cc373c79f47a63,oregonator,False,cycle,0.06625113244801577,1.2143209394680095
137,70069be4f72d3cac335217e6,cs14,True,chaos_candidate,8.319440460635505,43.939956652123946
138,2e38278beadb77d4e014e5dd,oregonator,False,cycle,0.0820221891477184,1.344002495774588
139,527041254b71e5c5e735b605,wr,True,cycle,0.9122732781939886,8.326372339792295
140,7312f272f282ddcfe1eb9b93,cs14,False,chaos_candidate,0.4241708319016471,1.9207045432685048
141,caaf083c9d6919f0b19e5246,oregonator,False,cycle,0.059102021225303863,1.6767493151097588
142,40f87a707b8f5950c63e7508,cs14,True,chaos_candidate,1.083449562632863,5.4573938062060146
143,66275322a3f239d64b0cf2fe,oregonator,False,cycle,0.03683164313110549,2.352994970245461
144,7fba38c817db22030248202e,oregonator,True,cycle,0.7610891449881051,11.268275553050723
145,c7dc709561c24cb9398ccadd,oregonator,False,cycle,0.3214145113892787,0.9884572564548377
146,c5b70e2fa4fe69dc56b3d9ff,wr,True,cycle,0.5982666470756545,9.68193251611944
147,d2b7b0668960c0d0ae87784b,cs14,True,chaos_candidate,1.8776302885564806,9.748227452659856
148,0d0e6bfd464a7f21440a04a5,oregonator,True,cycle,0.11646506645305496,1.394788936570239
149,f959baa731338e40b6968675,oregonator,False,cycle,0.2488294049779061,2.8129348592503742
150,ec4045134c786f3b76dc7485,oregonator,False,cycle,0.23668450245480116,2.2700770057573902
151,78851a7d4b57df03278881f3,oregonator,True,cycle,0.08516111934461079,0.9467065945552403
152,f27852a261394d13a3316443,cs14,False,chaos_candidate,2.5431159551452276,12.548809230303378
153,289b98500108768197668899,oregonator,False,cycle,0.03878587510305917,1.652383676216254
154,d648984b572f316838bcf6bc,cs14,True,chaos_candidate,17.085708945363326,110.83128036495349
155,e7684c6fc4307af91d204d30,cs14,True,chaos_candidate,0.844140729586479,6.010038740161647
156,a6371494d541f1e905d566be,cs14,True,chaos_candidate,0.7589132402629312,3.4949057242669634
157,589cc684dce5eb15b7eba9e2,cs14,False,chaos_candidate,7.825919930782702,154.18679838576688
158,9c303d3efcba1a783ef70b01,oregonator,True,cycle,0.09241441760235897,2.437728903531233
159,f1dcaf59b31e8547a07f2856,oregonator,True,cycle,0.06566852628387466,0.35934768051485655
160,6cdeb46ccd59231c960a0872,oregonator,True,cycle,0.08513006798739872,0.365605849180617
161,8a76ab459b6879f74b4c4140,oregonator,False,cycle,0.07674583562763834,4.96249728338934
162,fa158f81be941c0a04192193,oregonator,True,cycle,1.60350311026377,5.523476700478105
163,5115f714424124af73607646,cs14,False,chaos_candidate,5.083633237117956,72.07142489987012
164,02edb262fcb675649d97acd0,cs14,False,chaos_candidate,3.435938888732599,29.01893994216299
165,d7a1baebd96d4ef5b2e1c495,oregonator,False,cycle,0.027664833252699042,1.5178689843278925
166,c8dbbe0993a5656d6c880a35,wr,False,cycle,0.3540075514967272,10.16530678864795
167,23df27147e7e0e0f7c06d619,wr,False,cycle,213.78180209029952,741.455814947014
168,25569e31643d75b382afd544,wr,True,cycle,0.9668642297859323,28.330454117643725
169,ab864e99eb5a610a2eb0a0e4,oregonator,True,cycle,0.033628953455020864,0.2861982599726652
170,62b8cce4678ebe8ed3fb2292,cs14,False,chaos_candidate,2.7052235955006094,13.306873060749886
171,0475766305fb400cfd519a88,oregonator,False,cycle,0.20931209174530888,1.253989800613323
172,ce860db62ad517c06e1371e9,oregonator,True,cycle,0.05125959477810981,0.3742306078678905
173,6d8d0100e0cefec652e9cb30,oregonator,True,cycle,0.04635908615492437,0.2851613086796323
174,a946f8aaac33788a942e49c9,cs14,False,chaos_candidate,0.3678516218111269,2.794934787740377
175,1b1b1fe632d8f1378f9f2ba0,cs14,True,chaos_candidate,1.0298958937078917,5.5595912425834655
176,9a02f99e35582fead103014b,wr,True,cycle,0.19724624432751955,3.869025607452138
177,ac0262d563bb04fae1be78c9,wr,True,cycle,0.6265492978124069,7.7198470942736055
178,f0d0cd04d13e33ba7c3a3129,wr,True,cycle,0.6181471773903569,2.731110059980909
179,7034066cab51325014a9bdb0,cs14,False,cycle,4.591875117721732,14.862944708489183
180,be03cbeaa0d4cf80643ecaf3,cs14,True,chaos_candidate,0.4591825801210876,2.4845611991906953
181,3f94907d8070adb775e70a4b,cs14,True,chaos_candidate,2.4579792317535496,12.019332579616517
182,a44bef6c9cd54b0655d41052,cs14,True,chaos_candidate,12.821076492733996,69.68847305545704
183,5ddce0fc13b738b877eea917,oregonator,True,cycle,0.3415454482871795,4.888715768584157
184,d6858eb83c3e917cb700c3c5,wr,True,cycle,25.48145823921822,94.15041742877148
185,155a298e383d32d76ec9901a,oregonator,False,cycle,0.16451623822768033,10.941738048011754
186,a6eaf4b94b9ad7f8f1d29a59,oregonator,False,cycle,1.5703115788424007,20.29859902158416
187,dbd2e6f1e148c8b7fba8483b,cs14,True,cycle,29.317159816988728,160.9131409700606
188,09b6f49e16d33669dcf07c79,cs14,True,cycle,0.40277062732854735,1.371715432913836
189,f418a6d74b9d02ce20c317a0,oregonator,True,cycle,0.044573236080429665,1.1237662197197114
190,d60057e22f6390e9f5cce6d4,wr,True,cycle,48.890992724437794,229.97318907002642
191,2cefea8c0fe729af652162be,wr,True,chaos_candidate,2.977798521424263,10.581291853443746
192,c5bb100a5347eef92d8044e6,cs14,True,chaos_candidate,0.8974868474610757,6.6388980270532985
193,f3609ae34ffed4fdbc53b35d,cs14,True,chaos_candidate,6.991814833636548,54.26429035505802
194,7e0b2d57be834feeefa627a7,cs14,True,chaos_candidate,22.394745024198343,124.77665129580146
195,56717eeb1d699e1993b39509,cs14,False,chaos_candidate,12.745559432942859,102.14621733076949
196,78df6ba503126a4453d47c9d,wr,False,cycle,6.239221515090406,66.99341451649126
197,f2873322a8cc947cc2c8165a,oregonator,True,cycle,0.5952077737688046,5.065723978555043
198,3d95c5ed753b7e02b49e1a8d,cs14,True,chaos_candidate,0.28247365958780646,1.2380305366011854
199,add51b2612c63b2db8691d63,oregonator,True,cycle,0.06324545819560372,0.8350721943984878
200,815736a6de1779260f7f319f,wr,False,cycle,0.25469663915875784,25.839930592233998
201,11a53ed3638f45b3ab641eef,cs14,True,chaos_candidate,6.024243889846621,40.545888880602355
202,3cc7baf226e21ad112ca45c1,wr,True,chaos_candidate,17.947942041184884,71.22183615715836
203,a83573e5a5e8cd64bfccfdee,cs14,False,chaos_candidate,2.605676904690417,14.27497095261343
204,e48dbec8fb55a36d5f9ba416,cs14,False,chaos_candidate,22.014636745897953,210.54129433868385
205,ab98b83670ba26be73697847,oregonator,True,cycle,0.32312364593237486,1.321518037204072
206,0b614a479df151c979d09638,cs14,False,chaos_candidate,3.739133230892387,27.63298982897992
207,4ab39cd545b010965386e164,cs14,True,chaos_candidate,1.4103930005535255,6.949950596629545
208,c0e1185a69181fc05c80614e,oregonator,False,cycle,0.1441997075842351,0.6667538507134941
209,d43ced58f63d5c0e8a8c5c34,wr,False,cycle,0.4706727098179534,20.339632512274985
210,b07101d86665dea397b27d39,brusselator,False,cycle,4.070990262258095,9.732819647904256
211,13a570a8a7619f7a60527acc,oregonator,True,cycle,0.6860186000236982,2.1826235647398007
212,e1abe2527b7f880847cb3904,cs14,True,cycle,62.968940914599926,284.476245807909
213,672cb01637ec57351c119001,wr,False,cycle,1.4657437969518354,68.62679518693697
214,d1e559cc0d44761f0319b025,oregonator,True,cycle,0.03470945878271683,1.3153299810951409
215,e95872aa45af93b0c0f75a1a,cs14,True,chaos_candidate,5.3618525758081494,44.31761810909074
216,65021883b01b9e0fb0bc505b,cs14,False,cycle,76.47830013830684,291.3756755758474
217,697b58bd8e50f08ba11d1b5a,wr,False,cycle,0.06383775625196145,2.5573830424452093
218,f8c79deddc0dd96dcf0ee948,cs14,True,chaos_candidate,17.395477687617753,80.54989751459776
219,46616f040f8023a25c8cd23b,oregonator,False,cycle,1.172756800871761,3.5244176318903278
220,ba34067530291bbb12f3b114,oregonator,True,cycle,0.07619478444585216,0.28217755860609023
221,c1b4bf560222dea8688001ae,oregonator,True,cycle,0.05894439218301503,0.2715282890708157
222,ca618e6967fc51dc700e4952,cs14,False,chaos_candidate,7.24203665279648,102.35727942827675
223,7e6e3401e120b087843a6a46,cs14,True,chaos_candidate,1.5686722110259212,7.737851177805129
224,3c807609d517ff4aec14360d,wr,True,cycle,1.3575534718903792,14.744679863556446
225,c0002b4f932c8046b7f9ba54,oregonator,False,cycle,0.07169714610579239,3.3180229705622137
226,73ed64b88af15a2d1e68b5f6,oregonator,True,cycle,0.05537653446817644,1.4177549776341947
227,a3d701501e8742d585d96276,oregonator,True,cycle,0.041225668812776776,0.3229982895087397
228,083d07c79e60656622f6a965,cs14,True,chaos_candidate,1.0690009072381248,5.431841191577258
229,94aced8e1f35a2211ca584ad,oregonator,False,cycle,0.027493521802056557,1.2108449427160182
230,ee036a627d8ed0086b290ce8,oregonator,True,cycle,0.9797395385043777,10.983976574422377
231,fb34d7329783fb8337e1d374,oregonator,False,cycle,0.013043803037456801,0.31728390650909655
232,27c56b0a201062027ecfe3ee,oregonator,True,cycle,0.062106336504256114,0.44969724265284844
233,edf9707dd38469089d1cf9ae,cs14,False,chaos_candidate,6.504952559873785,33.34146559281698
234,22a9484ed1c65798376916fe,brusselator,True,cycle,46.478462751996155,113.28515158713101
235,faa1b32b0d0759400b7acbfe,cs14,False,chaos_candidate,1.2556265029004796,17.77237176281687
236,c66bbd3afd53aa1e85a1bae5,cs14,False,cycle,123.5388921424105,538.9728599206315
237,8d536c6733f9481b1ffe24ab,oregonator,True,cycle,0.06122345128217277,1.263856095294154
238,c62eb6f29b49933440e793c2,cs14,False,chaos_candidate,0.8052382147349992,3.872057535144178
239,8240bbc8af4f4275acd7ef54,cs14,False,chaos_candidate,21.95319326282383,129.44852031755707
240,d41cab0787be8ad3e4bea43e,oregonator,True,cycle,0.026824963687260398,0.2767770791617218
241,2a79ea0b7c521af48ad707c6,cs14,True,chaos_candidate,11.400087994468157,63.536477262707656
242,6a9836dcdf3ade8dd2473c8f,cs14,True,cycle,35.27866206647134,262.2958201199431
243,3be29d8059e206ce0d19f3d8,oregonator,False,cycle,0.24838824132820594,8.25144682085212
244,689f037b9f83738f7906e6ad,oregonator,True,cycle,1.6079732328219671,5.889258005330185
245,e6d92e64aa279a5f151a15da,cs14,False,chaos_candidate,15.948201581211688,81.6080592437993
246,9aebf2351dc60e9141dde727,cs14,True,chaos_candidate,2.077763780429921,9.86792572057518
247,8fd113cb7f3f81f5b9208c51,oregonator,False,cycle,0.034300830342492664,0.1337405709199245
248,c99f04f87690794260aea935,cs14,False,chaos_candidate,0.98589768114036,4.801190362662012
249,5b70578bda273b5453920d37,oregonator,True,cycle,1.5988808529376746,5.627806215530978
250,ae9d9595720ab37c697e3bad,cs14,False,chaos_candidate,14.509568807679287,111.51817593232471
251,b59d34f84b036f506da410d0,oregonator,False,cycle,0.24905062030349712,1.492870984141759
252,343ce37ad5f8030943520af7,cs14,True,chaos_candidate,5.011695305575153,45.95809067010608
253,9cf252dadf0b9a3db1a7d653,oregonator,True,cycle,0.5565820217093745,4.021716181076435
254,eed23c2ccedb0f563f939eab,cs14,False,chaos_candidate,3.7556084103034753,20.368634005246857
255,e1837db772d8c9d1ed8b1fc2,oregonator,False,cycle,0.19212196311010235,10.705795101134655
256,70ad2f203edb7778c41a8c48,oregonator,True,cycle,0.06527554944766731,0.24532620649621537
257,dae597ece3c743109ded3f60,cs14,False,chaos_candidate,5.072342811507426,31.49359485202901
258,cde4901a9d29f5d4af0157c1,cs14,False,chaos_candidate,19.121824648158363,190.00511498565731
259,071ab2d975415db3241ceb11,wr,False,cycle,73.39597203194458,237.5704407154582
260,b14f438d2b547c538b7a9559,oregonator,False,cycle,0.09335498344100869,5.545377012840708
261,0415853a3b199f0ab6877a25,cs14,False,chaos_candidate,6.266617236074783,76.79556261776897
262,d3babe4002cdb1214c0164f8,wr,True,cycle,0.02482262036802248,4.529079559123437
263,607dcf31b0fc3826c8dff6f3,oregonator,False,cycle,1.0410002098489464,3.5128731190421254
264,9c3ed698d6405589916df6af,cs14,True,cycle,55.79690691495984,296.64632281406267
265,28f00f08ce34655b17656fef,cs14,False,chaos_candidate,1.5098509353487692,10.012065105945736
266,cfea642c64898b63d05a8910,wr,False,cycle,1.5310718461790003,77.20397629468931
267,a383d9690f960dcc61aa4a23,wr,True,chaos_candidate,11.299707103400959,41.324639939876
268,0081bf3909cdd43a3f6f1697,oregonator,False,cycle,0.07612580444729845,0.5302554151728502
269,c40fda21f3d09197bc39a543,oregonator,False,cycle,0.5070798404772041,5.986276659070218
270,94cf49538c2d7a6db2e999d2,wr,True,cycle,0.14764039241482,1.7038717310647347
271,1285a5e118ec255464ff5d0d,oregonator,False,cycle,2.505057025226917,45.01319041197828
272,0c5da3458e15e1846de6595d,cs14,False,chaos_candidate,3.6480776690037886,28.072795893569538
273,f01cc4b6edfe4c98b620da15,oregonator,False,cycle,0.2412753354674891,2.522688987615267
274,dab67ea031fee8e640ac1e98,cs14,True,chaos_candidate,7.782213015586782,41.59578308576186
275,ef7a01dfac54e05699be6dc9,wr,True,cycle,31.53516608889938,132.80223304757644
276,64a9b9f8238345a24ab7304f,cs14,True,chaos_candidate,2.313881056922685,15.047375141494838
277,0f68b627f2ab56e25c7bede1,cs14,True,chaos_candidate,2.4028780165139283,16.792356658000234
278,9093bbd7fc6ded50ca5d3d49,wr,True,chaos_candidate,10.88382849915572,52.54688477153801
279,0751670ec899275c1e9a28d3,cs14,False,chaos_candidate,8.75637230840039,63.17599375098797
280,5b35c0d7e497d812f4afe5c1,oregonator,True,cycle,0.061785967376125205,0.46554292737673375
281,16f50138d63b841fadbff5ce,oregonator,True,cycle,0.020257963820805257,0.2228647539677978
282,105fece532afc36e2dfb1446,wr,True,cycle,71.10001738145732,237.23869027607125
283,9f86fc6a1429b5fe77351e0a,cs14,False,chaos_candidate,17.5838004626369,116.91911931420184
284,1c49cd95828dcdf11e2d8b32,cs14,False,cycle,101.5606565056855,333.21661402773765
285,13be4135fa4c4c1af953c8c6,wr,True,chaos_candidate,16.447403962409137,81.10048124698535
286,f90e56b93b1cc210fe7eac7a,oregonator,True,cycle,0.10556732389344246,1.3901817768709055
287,6e2d0c5127eba0d6b948ab37,wr,True,cycle,27.922041372675466,96.72919084057453
288,9b34cc0b80f9e24e2ef5851d,oregonator,False,cycle,0.1700454015675941,1.4261255344729122
289,9ea5d77fdef3efcfb9dae0c7,wr,True,cycle,119.78959037179955,457.2425630836799
290,3e28552a7320ba87ccd91e2a,cs14,True,chaos_candidate,1.4155746433643634,5.76145441350739
291,57efbfde040c5e13d953039a,cs14,False,chaos_candidate,8.197426179042287,81.41995800440158
292,e98b853ca2aee45345f1c909,cs14,True,chaos_candidate,1.364707123237505,7.327633238292267
293,27e19411aef195dccfdb1927,wr,False,cycle,15.909774598946878,39.27465448210716
294,83ca89b512bd7af43adb3372,oregonator,True,cycle,0.1507740771070973,4.06548040443891
295,d4834094465307ab7ab1ef1d,wr,True,cycle,1.2189193671908123,12.007057908483105
296,0b6744a4ffebe66776cbec0a,wr,False,cycle,0.19768037131725405,30.727241704477283
297,b9576ba306a422b1a999cde6,oregonator,True,cycle,0.0346181555690497,0.3061760388471181
298,27eabc06a5c8e46606856be8,cs14,False,chaos_candidate,4.745465897776264,26.9067326052355
299,dcae167691d0689227a7afc4,cs14,True,chaos_candidate,0.714836149031095,3.832996666184514
300,20fc426f8d0c88d4407233c7,oregonator,True,cycle,0.3484644979811204,7.454836730600962
301,f86875ca48a1052602972b68,cs14,False,chaos_candidate,6.598175639441087,32.45796093190254
302,ee2b85b8b18637ede73cb011,cs14,False,chaos_candidate,5.088741310656902,68.61938227742449
303,6443e4be2fae17c5976c4858,cs14,True,chaos_candidate,0.44082670497815707,3.4124121003117263
304,b04ae2f1df36518260e56bf3,oregonator,True,cycle,0.03715610438667544,0.18460442308403444
305,30d04511d104bd211627a896,oregonator,True,cycle,0.3409114160231709,4.229092610950896
306,70348af817d6e274d1546308,cs14,True,chaos_candidate,2.43813522187491,18.715451431786114
307,6cf114b413b4e754538dd2fa,wr,True,chaos_candidate,5.796908988457803,41.068635933651784
308,f50d83062e729364c868df46,wr,True,chaos_candidate,10.219368500383363,44.664945135762075
309,2ce3d316677d5d4cbacc1564,cs14,True,chaos_candidate,35.471382990130174,156.7713497887605
310,08a2c36ae8c02f8f99152d91,oregonator,True,cycle,0.7123786581185604,13.418628287135904
311,b7e7c76460613960bdff4f13,oregonator,False,cycle,0.22384653381849667,6.718189440677907
312,df8e64591b9f256a71d56990,wr,True,chaos_candidate,11.771847628039435,40.74890773670933
313,996d3f56605e177b1e20746d,cs14,False,chaos_candidate,5.319965387416602,41.64215146732016
314,e6161d2ecab4788b5e8fbfe9,oregonator,True,cycle,0.05751183286463474,1.0415532139066053
315,f35fcba3fad91f83ee8e6411,cs14,True,chaos_candidate,1.8792089332203596,9.044551186926574
316,4bdfb2e6024b13dcc8788a9b,oregonator,False,cycle,0.03766598701409209,1.2961217331153132
317,464bee7cdfe079d104493e23,cs14,False,chaos_candidate,28.145018788155323,135.17574744823136
318,bf8248c6c668bed6d708f9ca,cs14,True,chaos_candidate,22.892630611958918,162.97029775734606
319,05db2dd971e0ae389f1660af,oregonator,True,cycle,0.14623839933659563,2.9716369290038376
320,1e0b61d89530dbb2f71b2ecc,oregonator,False,cycle,0.06710869038662252,2.7086817631000186
321,a67cb585d82ed9ebe2cc75a9,oregonator,False,cycle,0.022875832697866968,1.2353662550479723
322,2cabef9c4fbac65427bb38ce,cs14,False,chaos_candidate,2.722807076312535,13.696809759275212
323,27bbeb7bb933261516b5c7fb,wr,True,cycle,36.923315676344174,148.81378468440118
324,c72d6e097799379f1f5573e7,cs14,True,chaos_candidate,1.7071920238687774,9.334192892334105
325,3158a1ac57bff06aef7606d4,cs14,True,chaos_candidate,1.5836750084517806,8.56733479794234
326,371ba20b75eac307dbf46510,oregonator,False,cycle,0.1522624604633112,6.531421166220091
327,4a644ba40e3ec8c83c715958,cs14,True,chaos_candidate,1.2471055770043216,5.496324196534258
328,c98f18d81f27baf4ba135ca3,cs14,True,cycle,52.66602841870789,310.9937283536383
329,173aaa69f6c23accfa61aa35,brusselator,True,cycle,11.474282945538008,24.891161853879765
330,349e6235751186f75194718a,oregonator,True,cycle,1.6677117553833267,5.946492999969746
331,ad047b1a486d7f2b6ae468a9,cs14,False,chaos_candidate,6.355802855875201,37.700147115839904
332,b1c867c36f509f34780d78fb,cs14,True,chaos_candidate,24.136074760993463,139.27878217288148
333,858d28c8bbf9e6b649f09f96,oregonator,True,cycle,0.022751860718557,0.15391259383311756
334,588acb8038dbeb8c2e515c7f,brusselator,True,cycle,2.8139720551220377,9.751815868332665
335,d24feccaa08d8731af567028,cs14,False,chaos_candidate,13.549135628899487,104.89108006048649
336,5bb33515024278b61c87fa1a,cs14,False,cycle,85.29736530552472,408.8257629119963
337,2497cdf2c6f0f54797bf51f7,cs14,False,chaos_candidate,0.7992931382573228,4.296622193968628
338,b4abf88e0c38e1fd49afcf2b,oregonator,True,cycle,0.05385421207113093,1.2937233102880525
339,272f5567974caa34513825bb,cs14,False,chaos_candidate,0.2710654073884145,1.582836651539976
340,cfd0fa6513e35ba2546d148e,cs14,False,chaos_candidate,6.734970010485098,34.33674797922446
341,762c37c8e889d352821d8f8d,wr,True,cycle,63.571208325986476,266.8595617316305
342,a1d6b256773e80ec8c593127,wr,False,cycle,0.35878989686951657,10.94469846622824
343,8752cc22534fd5778cd47f84,cs14,False,chaos_candidate,19.585450695392094,146.9137756944108
344,5aa3fe770277e7c4d0eab8a5,cs14,False,chaos_candidate,13.510818678720646,186.88255073059543
345,44524bf3e25a28ab147f16d4,cs14,False,chaos_candidate,4.610591349130653,28.32689552606402
346,51243c6b29f9e6c03f337664,cs14,False,chaos_candidate,7.0643054418517215,33.79969305927772
347,dd21609fac8192badbb79350,cs14,True,chaos_candidate,17.36651451097375,103.33497554946256
348,6be49ee5d27cefd4f10c9919,wr,True,cycle,27.927142875513344,99.02578800861126
349,b230514f70caac889ce48a8f,oregonator,False,cycle,1.1477520398687682,19.14090940430835
350,1d3ffd03bb8eeca25c0bdea6,cs14,True,chaos_candidate,5.181607023299482,41.5298048248966
351,26fc5dfa37ca7404864de7fa,oregonator,False,cycle,0.02645828041877886,0.10947127120695366
352,8c5fd0d9a5c5b429f65614c7,oregonator,False,cycle,0.15260010260542636,6.593016996781693
353,0d229c95e186764362043235,oregonator,False,cycle,0.057114405250961904,3.3297475528808835
354,d6f82f06cbb446dceec7e705,oregonator,False,cycle,0.15049988552171398,0.5334871895851918
355,548b187a06fe72ec80c671bd,cs14,False,chaos_candidate,2.698368244428893,13.495691240065263
356,3c6c99f9569844e9bbe8cf72,cs14,True,chaos_candidate,6.8912835401563175,49.330082189854124
357,abe732719555fb7f5aabe75d,oregonator,True,cycle,0.3105036726642967,1.4316279167780694
358,71f2a8c3cef564c5fcba0eb5,oregonator,True,cycle,0.029668304862414393,0.3666483465212603
359,920f0876ef7a999c96a4674a,cs14,False,cycle,171.60757467585177,744.1269829754663
360,046aff7ccefd23a5ce3dab6d,wr,True,cycle,0.4911342977451083,6.7986262515700195
361,93e8e9e824c622a3a32fc829,oregonator,False,cycle,0.013224002298892043,0.3535285802289465
362,bd5b6b71fda4e1f842ca69fc,cs14,True,chaos_candidate,0.7662873771799659,3.6069562605195826
363,c28063b5c63452929a734e6d,wr,False,cycle,0.16041698366316348,4.887359854976113
364,a1482f1d0a751fd275021ca2,oregonator,True,cycle,0.017716380342436822,0.15864191554815335
365,618b5bdce8888fb3219e6f51,oregonator,True,cycle,0.651574486076854,2.4405332208497046
366,1bc4b12a68db3a72129deaad,oregonator,False,cycle,0.05415627996200849,0.7992115935852556
367,59121496dfbc4c278fadc2bf,cs14,True,chaos_candidate,7.523687692983942,43.32212593474322
368,d22ce0d232c6fc471f5c09a1,wr,True,chaos_candidate,33.84922619216039,140.94197034181317
369,5b6dc2c7489953e34f16e72d,oregonator,True,cycle,0.4743474963187399,6.422724219443462
370,8c94a4947d88d8bbb9e08369,wr,False,cycle,0.13890521455129792,8.786382908013112
371,1889469b33bdddc2ee8aee32,brusselator,True,cycle,40.34804981905616,114.75364351500085
372,c7d342aa3487f638258e5104,cs14,True,chaos_candidate,1.8725354594817327,10.58127271279067
373,0275cda07674a7bb902683d7,wr,False,chaos_candidate,10.85211972580255,37.09851197357766
374,e3e6b3e10515a620f97310cb,cs14,True,chaos_candidate,1.1482422406838897,5.961030147456093
375,f671c61a348b683c81323bc9,cs14,True,chaos_candidate,18.227647818516544,103.39655854009028
376,323e9a6c6e3dbf355fa383f1,oregonator,False,cycle,0.023901565046705032,0.15381320172151608
377,206d9f691967110af100721d,wr,True,chaos_candidate,6.679547624327759,24.44129935924558
378,46ecbbf2cf7056d5eedd7e65,cs14,True,cycle,0.41771449573177705,1.3098533623750612
379,b6bd25b7fc22ee3b4454bc97,oregonator,True,cycle,0.0865426270773769,0.7219228714310099
380,2e35dae8bbee78795484424e,cs14,False,cycle,66.6499147805576,337.9452340084859
381,0dc38615a1b51414008997ce,wr,False,cycle,0.275250887048948,14.416088016453733
382,38f4be9451432962cba4205f,cs14,True,chaos_candidate,30.152587059228445,208.68382554574498
383,aa715132504def9543ef22cf,cs14,True,chaos_candidate,10.203494365802706,66.424212293827
384,87412b9fdab2c245466d0aa6,cs14,False,cycle,86.55722458847367,495.19004085767347
385,6475066e7730568d6ef41a4b,cs14,True,chaos_candidate,2.4430916106909297,16.017576481966284
386,9ca9a4acf85b8d82c1e8007e,cs14,False,chaos_candidate,5.85946830009237,29.53872491122682
387,dc59115e67e4d916626b736a,cs14,False,chaos_candidate,4.3561753310930635,49.10701546740091
388,3eb9963008259f974c311f8b,cs14,True,chaos_candidate,25.26418454350133,278.2942176717454
389,d4a4a2499a5cd7e0931190e0,oregonator,False,cycle,0.045483438694503706,2.5424122063546437
390,00ccdefdd7fe1ec99d7a21a7,cs14,True,chaos_candidate,12.248575630000527,71.19863316307293
391,c3c28f9a61b5e6365bada795,wr,True,chaos_candidate,1.5477239663321123,31.811976287652325
392,48f85a3e5d873c8c1b22b58c,oregonator,False,cycle,0.032498537097750795,0.8046189273264694
393,bf464067309e5a28bcc04060,wr,False,cycle,0.30452027754289646,11.651602800934985
394,cafd978596f27ab19ef837d7,cs14,True,chaos_candidate,1.0896136177060587,5.92655033608721
395,a8b4959de42cd7696ea1fb31,cs14,False,cycle,0.2459178983116357,0.7561928118764987
396,059da28a6c05a80300c054fb,cs14,True,chaos_candidate,9.2524207119491,58.64499335828779
397,301144150ee6ca2becca4da8,cs14,True,chaos_candidate,4.068118750718952,16.92518650226109
398,214ab53a78c991f95fec305d,cs14,False,chaos_candidate,4.067842847382764,51.341194135106214
399,8959414f60baaaeba7c00cd0,cs14,True,chaos_candidate,0.6280868702449642,2.9757083455735445
400,aeeebeeaea8e1b17aee866d9,wr,False,chaos_candidate,11.479147446806792,37.36440374279014
401,61988dca92eab5c1c20399c2,oregonator,False,cycle,0.19138422552455203,1.3453165423668683
402,e3fc815e4840a120909e926e,oregonator,False,cycle,0.0370930991086557,2.915817367733088
403,0aa08ad03c018282931cd298,cs14,False,chaos_candidate,13.119745616956413,110.81983369066599
404,090462de1cc4f0141b1b6f2f,cs14,False,chaos_candidate,37.07850964106572,305.44071017665846
405,ff8d534dac2fe2ff2cd4a34c,cs14,True,chaos_candidate,0.8518425458525485,4.804632544908249
406,b8bc5540680e06fb24e1438f,cs14,False,chaos_candidate,0.6694134025446244,3.376181229878327
407,496a2bf901f0c959c5a2634f,oregonator,True,cycle,0.3819712255521273,6.764863282590614
408,9035bcfbfeb130eb877df336,oregonator,True,cycle,0.055778807928399225,0.42169628224741207
409,3f1b9ce7279f588c0a080dc2,wr,False,cycle,0.9293204951838872,39.57048167063534
410,fad714473960d0540923b0a0,wr,True,chaos_candidate,11.640985692819129,40.97560301498519
411,38190dba8092b2ca0a168ef3,oregonator,False,cycle,0.24404319630666485,7.384269939159676
412,38987bb781c7d991baa004ad,cs14,True,chaos_candidate,2.105007443275636,10.690291053994594
413,b535452edac5644d40235320,cs14,False,chaos_candidate,4.445334068912513,25.692857835352402
414,d053e5d2de5ca2d139daf38b,oregonator,False,cycle,0.2589187304794468,0.911344326766532
415,d60ab4b61e2c0f962d3a1552,oregonator,False,cycle,0.09724369346774306,8.564841888022897
416,f8b8c59b91d6fd87a8353843,cs14,False,chaos_candidate,0.5220575775923321,2.548316553665467
417,d75c7eeae395670e207efd12,cs14,False,chaos_candidate,16.237162255009874,97.31505913757557
418,61a070b48ba9f61d3d583719,cs14,True,chaos_candidate,1.3084193198297098,6.582027052637319
419,b62e867854679e9842607ee9,cs14,False,chaos_candidate,0.8291786945013295,3.6637251932296695
420,963c1477636ca50a88aa46a2,cs14,False,chaos_candidate,4.040099098018655,28.03149111426701
421,ed486d8b3a617508d5f46958,oregonator,True,cycle,0.09668123350714125,0.9051186180380246
422,397d14bfdcc9e7093aa4edb0,cs14,False,chaos_candidate,1.7519029285380512,25.23568248579707
423,f1d964b8b77351be24cb1c99,oregonator,True,cycle,0.662125143093711,2.3914945918482706
424,d7608c3b4ecd015d133b28f0,wr,True,chaos_candidate,15.86415495032233,53.74914614167531
425,d43af95c8b857b18cea9b727,oregonator,False,cycle,0.08707924812861291,5.949891087713958
426,ed83cdffefd72c6401b8aad9,cs14,False,chaos_candidate,3.7311576066946337,43.78254225397452
427,b6f08d5b5ce69fba874545f9,cs14,True,chaos_candidate,12.164306705414797,68.5666688035294
428,1bd7e8fdb1f177ad56bfaadf,wr,True,cycle,1.1832062469347668,14.135468668615554
429,1662711aed76768c5380c9a6,wr,False,cycle,2.5207464371179604,73.92947637445245
430,b2294587d2176a55ee489959,wr,True,cycle,0.37147406145198647,3.8789479751655174
431,7239619febb76bb2415a8e8c,cs14,True,cycle,0.46163372121373264,1.5240138676645254
432,386cde1377b9d704ae8686da,oregonator,False,cycle,0.4795766001059756,26.95135046276287
433,d9672bd364dc4f846ebb0f1d,oregonator,True,cycle,0.020749489045528324,0.16121872275690838
434,80c4a0b81b6f645e1b0f8b78,cs14,False,chaos_candidate,9.534978758440952,145.29413714885155
435,06cd53fa38a7a7a2a0f66577,cs14,False,chaos_candidate,0.4804592340205368,2.4749412440867196
436,1f2b68a43a7bf9c6722a55a5,cs14,False,cycle,113.60120601653153,568.4422345108696
437,46ec1d1c06034dbb6e9c68dc,cs14,True,chaos_candidate,0.6673964782460963,3.4187239886030496
438,2c68b5e5ffa2f4e2479af2b4,cs14,True,chaos_candidate,13.608950733062024,71.48814705132781
439,2bf0c069af5c2c325566dafb,oregonator,False,cycle,0.02071019475923212,0.6843574062319884
440,e60803b1002d9550ba44d88d,cs14,True,cycle,198.04432047129376,673.6260674499733
441,d4aa2915735ab7c79eac5207,cs14,False,chaos_candidate,0.23806604870045575,1.1798643461929812
442,e9f3f795ca43f69f37ead7cc,cs14,False,chaos_candidate,5.056737187689797,34.38978247244274
443,57a36da5e1940fc1d3813b1d,oregonator,False,cycle,0.03744011090921812,0.1562691543139915
444,3fe050ee1a6ca22a46b7bd79,cs14,False,chaos_candidate,0.9310449554912295,4.3920841462946685
445,45aad9d31f78386bd4767c2d,cs14,False,chaos_candidate,9.531001456066821,91.87626470105154
446,5d64700c774d081ce285c7f6,oregonator,False,cycle,0.25117897459974836,7.459825805231761
447,0d37d608cb71353fdd8f4e5d,cs14,True,chaos_candidate,6.606320268826938,47.95148210917669
448,148ca4371372558f2514396e,cs14,False,chaos_candidate,0.5214971517651972,2.7187603559006264
449,4e0db10cc63b93ea3faac161,cs14,False,chaos_candidate,0.9049339394812307,4.518219286440737
450,b4c18bb4a3dc4ad5fc93eab8,cs14,True,chaos_candidate,1.0810953505025906,5.448255071908111
451,5fab8d565932f40aebcbd5c9,cs14,False,chaos_candidate,23.327433730413816,187.6847323298681
452,2a2a49faaf5b1f377de66df5,oregonator,True,cycle,0.03973998530209298,0.7043687632185845
453,38c7ce908836bef4bd8ee4dc,cs14,False,chaos_candidate,3.03698623766943,16.62420357534717
454,97f81eb39fd24c5e2fa42ee4,oregonator,True,cycle,0.052135397195611465,0.2051117767418708
455,89f3150051c782a3d5bb37ba,cs14,True,chaos_candidate,0.49057659757535116,2.554013259160122
456,d5ccc6b03ccb6af9c795febc,cs14,True,cycle,0.1684824828422081,0.5554714104013128
457,1a0abd6adbcaef2bb17dbe09,oregonator,False,cycle,0.04773355577144338,0.8000924262427032
458,09e81179ed36b2b1c6041ba2,cs14,False,chaos_candidate,8.141089527542576,99.93949740512456
459,ad53aa9df5f40901fda335b2,cs14,False,chaos_candidate,12.0992554692933,120.38484995647735
460,e42ae2e1377f29bed2a626df,oregonator,True,cycle,0.08079124930147089,0.870684626595727
461,4ac851d0a2c97f43f1b8f2df,oregonator,True,cycle,0.042356666984183014,0.15260421402189817
462,f48a232e5df66aeb2a59f682,oregonator,False,cycle,0.061571423403565986,0.8714042524022806
463,74a65b2d29b1955928464152,cs14,False,cycle,32.4031087341746,260.28785605688387
464,d0304759397c56c58bff26ec,wr,False,cycle,0.2886795941912616,30.844110329540896
465,cbdfb935fa127b7728da1262,cs14,False,chaos_candidate,4.283179994004845,31.201649568019366
466,a1f36b59e239e98f6bd23133,oregonator,True,cycle,0.0671565904360277,0.6687743885106434
467,dc9450c4c3b0e68a77e37f7e,cs14,True,chaos_candidate,12.06912921212379,80.40505060961958
468,76b717a12464470bb86f227b,brusselator,True,cycle,2.9045203206750236,9.200872937536882
469,584d1a06e338fbe1421e5be3,cs14,True,cycle,0.1714317997151356,0.5483513193016396
470,34270cc945bf40c2508f0fc0,cs14,True,chaos_candidate,22.74236853976235,190.63673700379832
471,d75129f953df67bc6b0eb771,wr,True,chaos_candidate,2.250321998996388,10.546778790020015
472,1a4c2bd87bdb2760d64a5c82,wr,True,chaos_candidate,11.782749535583136,41.63199104065168
473,56dd9f78e786386b16e6c26c,cs14,True,chaos_candidate,1.9635390279913831,11.532984902729517
474,adfed5c7000e866825455a45,cs14,True,chaos_candidate,24.65125628862167,145.5899395570957
475,d6f5e4009a5f04c8734610a1,wr,True,cycle,2.0169478428180865,25.671696968506662
476,611a95719abc88303a6aa464,oregonator,True,cycle,0.34059089182432295,4.624508515706906
477,5e45d2489d08f80c4ad93e64,cs14,True,chaos_candidate,78.41164047576068,396.16037243559043
478,344f207077ab55c33957bcc9,oregonator,False,cycle,0.14520038591777873,6.834933878794774
479,4890b66346d08e9c7345f1b3,cs14,True,chaos_candidate,2.4475949938945605,16.251080501745705
480,858a905652ab0bcc6286a3c7,cs14,False,chaos_candidate,5.072827227208523,34.19827240663643
481,eafba8f4e2e04f0d546b167a,oregonator,False,cycle,0.11651883024947177,0.7451527006361972
482,b47e10e2e6c782f0e3cbc0b4,cs14,False,chaos_candidate,2.95145221159356,16.4253594145163
483,6fb9ac29361ef36b90a00ab8,cs14,True,chaos_candidate,18.396808003066727,97.13174437727416
484,6d413ae387894a3f5bb7ea64,oregonator,False,cycle,0.5301806472884673,10.127060911110856
485,6bec1188c93b42bfedcce6f2,oregonator,True,cycle,0.3779716970737769,1.386709104183195
486,82d8c74742ebbacdcb6b6488,cs14,True,chaos_candidate,0.7927521266395275,4.083945068352513
487,e82f6ea79195c2a179733bca,wr,False,cycle,0.6895532648764026,29.02232793079829
488,c81baf2e0e660da45cdfc590,oregonator,False,cycle,0.21615226928714953,10.466694507152274
489,de4cefb62b4f1b426bd3eacf,oregonator,True,cycle,0.11713509370698298,1.4034085065525874
490,9111aaf17d5cd31deb22ff84,cs14,True,chaos_candidate,2.374859115684626,10.808882849700238
491,d3e4fe4e4bfaa50917fc10ff,cs14,True,chaos_candidate,1.8647533426965324,9.180114370534994
492,5b29c5e086e97efb1bc63c9e,wr,True,chaos_candidate,2.275269872187939,14.10158913354789
493,f0a233eea02e3bacf62a46c9,oregonator,True,cycle,0.03106230425474462,0.8210429832722411
494,397bbd425a1020db246145ef,oregonator,False,cycle,0.027960803273043403,1.2618212702182632
495,f4b79a2f1436fe7408f4aefb,cs14,False,chaos_candidate,0.6656412858659609,3.6552042718524014
496,759438735c6e38dc28ef6ed8,cs14,True,chaos_candidate,0.44387560824913685,2.707723622586654
497,2414b7df579ea7eaed5510c7,oregonator,False,cycle,0.10157760666059709,0.43012990258694767
498,b6881852fee1735b49d84d71,oregonator,True,cycle,0.07403680008199273,0.2511060141016475
499,909bbb0fe980215f7b2e7e35,cs14,True,chaos_candidate,1.333907740027252,5.6464111228058345
500,3e91b5624dba697140529f3b,cs14,True,chaos_candidate,4.186336864111883,21.008310746930043
501,401867110a50616a1fe2f19a,oregonator,True,cycle,0.034739351123490164,0.8705646658003535
502,caa0ee0c9bc89be42d21de00,cs14,True,chaos_candidate,2.2339114436371768,12.294743861782697
503,007c964c7d900a6a73e56763,wr,True,chaos_candidate,11.324667500624168,39.83759584814616
504,064f61c4570039a75dba6d6d,oregonator,True,cycle,0.613564515583497,4.070894892389979
505,51b43a78b86213d80d7b7e8b,brusselator,False,cycle,0.23712802701272154,2.936661791969758
506,a22506a8d7eea8e23a8a4332,cs14,True,chaos_candidate,1.7540875766630382,8.635374520201722
507,9ebff4edc8cdef3c6d97c917,cs14,False,chaos_candidate,4.796384205791728,25.63029346647903
508,a6f927d1395f9a9d05248943,wr,False,cycle,1.2686160165251128,41.012077156701
509,ee72660aa1546edb38887756,cs14,False,chaos_candidate,0.9612197913638515,5.650219309508606
510,19f06ad21e1a967edbf408c0,cs14,True,chaos_candidate,12.426317685736173,68.05637081469455
511,40452d21d6322ec39bad5379,cs14,True,chaos_candidate,0.4861779629054997,2.814100025155506
512,34cb945464f5ec10d22b4cdf,wr,True,cycle,0.6206104234670797,3.9182802970074393
513,5d3f4d722be4967105d95f64,oregonator,True,cycle,0.15792994611363706,3.3260251479853444
514,53c6bb977f98dcfc1ce56193,cs14,True,chaos_candidate,13.512415633777408,75.50844221002573
515,4ada27834bab35fbbf7146b0,cs14,False,chaos_candidate,4.78846777805755,28.86350269641855
516,633b280bf8b6136400f40c9c,oregonator,True,cycle,0.03459761814290551,0.2230496529519243
517,5d3631ffdab08e650ca12782,cs14,True,chaos_candidate,1.1999372761431764,6.156402245951148
518,13b532edfa3300f93a2ab712,cs14,True,chaos_candidate,1.2269568490271106,6.031666992807204
519,15d7e098308cc2495129452f,cs14,True,chaos_candidate,48.87564289710992,288.5171177433704
520,aec916e50d4a0d34334d1867,oregonator,False,cycle,0.19646208508833612,1.4612338914373326
521,a3ce691643c80147973e0161,cs14,True,chaos_candidate,4.231109313838185,21.43180006576686
522,bdaa600a8a58e5be3e32ce00,oregonator,True,cycle,0.05987060564283208,0.35493533758673207
523,2a7efa56c920ff9095c4f14c,cs14,True,chaos_candidate,2.123726652275392,13.072045287675385
524,9b1bd338de50544d7d3d15a3,oregonator,False,cycle,0.08799077249278059,2.8714424675848975
525,775764241d743907b2c9b4dc,cs14,True,cycle,0.4482121543537078,1.5448525326007
526,530621a0509fcb38666ee62d,cs14,True,chaos_candidate,11.209191026778273,79.72300238230729
527,46543757607d3bc4e6f9a28a,oregonator,True,cycle,0.06264550302478179,1.544766414879654
528,8f03252eec7538dcadc710d0,cs14,True,chaos_candidate,1.4059829114837294,6.193047470625377
529,b6c6bb9265fa0697261f3b6e,cs14,True,chaos_candidate,1.8539410457029937,9.852782392178826
530,ab69dff17518a13232f97063,cs14,False,chaos_candidate,18.68093621515195,117.03799429224387
531,24ef035a67aedaa447a0fad6,cs14,False,chaos_candidate,17.015449878012046,91.80088954690603
532,e2af4eadb0b3f31b7f981be8,oregonator,True,cycle,0.35618306807704564,4.3288541020465585
533,942fd0fbe502022d02c84c81,oregonator,False,cycle,0.3115178487699449,0.9885545139078734
534,363cb3aafcea15aced606e72,cs14,True,chaos_candidate,27.894504974045415,248.73097153439338
535,e8f7d1eb1a0d8ad2b685980a,oregonator,False,cycle,0.5137817976581893,17.985522791037294
536,9ffc8cbafa4f7ac4f51da1cd,cs14,True,chaos_candidate,2.37443136914086,16.065994460790183
537,3e946f5c91629c5895cf6add,cs14,False,chaos_candidate,3.7883615176097605,18.911123542898377
538,b49ec80edc83fc038113baf7,cs14,True,chaos_candidate,0.502143854605043,2.9904023988396458
539,98343edc53a46a214ad781f3,cs14,False,chaos_candidate,6.3140105858667654,37.114187615525694
540,e63cbf624e7d32d78413f7c8,wr,True,cycle,0.9549717465258765,7.642957740870231
541,b86f295df0c536d06f770b3a,cs14,False,chaos_candidate,0.5345452929396652,2.3674097759859243
542,ad62ae19e2d72c663583ca72,cs14,True,chaos_candidate,68.66005503713271,463.37975363932475
543,44d72867703631fecd23d518,cs14,False,chaos_candidate,17.39053090293643,265.2377649221423
544,99a72666a188916d393b08f0,cs14,True,chaos_candidate,5.478137206316754,44.9067742694809
545,dafadec7d9f57a6e57a64b70,cs14,False,chaos_candidate,0.8473069978936781,3.824202237066172
546,8d5b9404a55fdd79fd31ec8b,cs14,True,chaos_candidate,17.416141663408336,136.7907042486841
547,32f3863b7b16f44c8423acdb,oregonator,False,cycle,0.222735991677485,3.3574299200461692
548,10a65b3d26354e07c23085f0,cs14,True,chaos_candidate,2.171527306867316,12.528967971220276
549,70f7073be97cdb38c3d38b36,wr,False,chaos_candidate,10.55831147996331,35.58095805205843
550,90252532ceb0671ddad5c59d,cs14,False,chaos_candidate,6.375572688551247,32.12531687976438
551,84d18be2547ca58bb5490b3f,wr,False,cycle,0.3840802883576572,20.937890335579095
552,3b57f0f6edd9b020ae575003,oregonator,True,cycle,0.7939296412526672,10.473980415043123
553,1dabb5a03cdfeba851d42d12,oregonator,True,cycle,0.1394686460144685,4.892148941367518
554,29f8619e0a0e108a80ad9fb9,cs14,False,chaos_candidate,65.38552345463582,663.2589936487961
555,1cf8ab79e0cde97271e15d73,wr,True,chaos_candidate,11.27552136688355,50.34811270167234
556,2ce62b34bd8bc1a0a7788711,oregonator,True,cycle,0.5806686339039869,5.817522181099666
557,4c72c7fe38fd26b0b9f7c4ef,cs14,False,chaos_candidate,19.737926953659954,107.62740795205627
558,60468d9a5f667db9c5d17392,cs14,False,chaos_candidate,2.532123461376482,11.515024624817826
559,acea039047e92ef4b48b57c0,oregonator,True,cycle,0.03458006486555306,1.1503394937099511
560,a54511868078e5b60ffffab3,cs14,False,chaos_candidate,7.013597901411313,34.945510606053396
561,aa98412d105cb05582307b26,cs14,False,chaos_candidate,5.082066310880441,44.62332202963722
562,d771c56e5f95277bb63fba79,cs14,True,chaos_candidate,2.294125848269325,12.855350112598337
563,ff455951a9e29a2147a207cd,cs14,True,chaos_candidate,2.44066170723787,15.993168348345312
564,94cfdcbab0bb7d5fe5245110,wr,True,cycle,0.5186354882770378,8.103894347866275
565,75c03e59512e98c5a467bf46,oregonator,True,cycle,0.04579213377004614,0.15284304142128702
566,b88c5ad972e397335c479e87,cs14,True,chaos_candidate,1.3731270339394688,10.669662214030048
567,b1a442492ecc610cb23d0c33,oregonator,False,cycle,0.019170955198245486,0.09977727008579776
568,563d20e4f308e41347a9cef3,cs14,True,chaos_candidate,3.6874123603789783,25.26983275696199
569,62097eac7f44a4f1959629b1,cs14,True,chaos_candidate,4.190477878989467,20.39659417681112
570,84bb7412a08640474d471d1e,cs14,False,chaos_candidate,10.890416439419521,100.69700991772056
571,659f905d376d22d78a4672fb,cs14,True,chaos_candidate,0.4586633664945966,2.2388574444022518
572,817d39e4cedb54ecd20a242c,oregonator,True,cycle,0.05613715590825788,0.5548715532161093
573,80dc0e0db8cc79047ded7c89,oregonator,True,cycle,0.6974902866213616,2.4354125919116276
574,b9d619478f919f344becac90,oregonator,True,cycle,0.03530857336781398,0.17775789832057975
575,e29f43832976f7a3b21d9261,oregonator,True,cycle,0.03957052138768955,0.7528339082088712
576,77ed9956d3ea18586c161f9d,cs14,True,chaos_candidate,1.5726455439093192,9.838975467608693
577,130f3f79a459a93caa5d699c,cs14,True,chaos_candidate,2.375483503811652,16.76664414963271
578,bc0e691d920277743b40c452,cs14,True,chaos_candidate,0.24168922188765532,1.1172839306716815
579,ef90da61bb9faa8700d3098a,cs14,False,chaos_candidate,13.770018879537073,103.45727280412939
580,39d85acb86bd4ab4132d1a47,cs14,True,chaos_candidate,2.22835442016469,11.369706988817256
581,e708994fd889ed7d7739948a,cs14,True,chaos_candidate,17.396229999938186,91.12692293428876
582,229fd8483751a89ff0b21658,cs14,True,chaos_candidate,2.4677531880139094,16.821802330417857
583,fdc4cd95d202f49399dffa2a,wr,True,cycle,0.24960417602618828,3.57136814661703
584,436d8aec442d61975dad9d9c,oregonator,True,cycle,0.7504999592556831,2.500028406199679
585,3f2cfa9856a9809bde904616,oregonator,False,cycle,0.07981642077241813,3.0810386118282826
586,8076c6270c59205424e057c7,cs14,True,cycle,0.2509056213161179,1.1801679298903796
587,e513776efdd3d68dc6e70bb5,oregonator,True,cycle,1.6851079287041457,6.044781694569882
588,b148c2d9b3d0bcc8840972a8,oregonator,True,cycle,0.08335006754615101,0.7767025768406014
589,c88d8de98ff44e05f89b03ac,oregonator,True,cycle,0.3724820841697446,4.465231712806486
590,708f65610f5ba8f198eccf34,cs14,False,chaos_candidate,35.99350498397835,611.4743510284944
591,88b0b083bf9a531462e85991,cs14,True,chaos_candidate,2.5495778512310876,9.926305752622232
592,d9e53b8fabac1edf782abb78,cs14,True,chaos_candidate,3.597337426213073,25.433959220460924
593,aea7faf47d3b45ef63bab849,wr,False,chaos_candidate,11.129536509439532,37.418692683052164
594,99b1e20200a5346a6ee222a1,cs14,True,chaos_candidate,1.2321422759561529,6.263796037015406
595,669a8e9a92853daa243278d5,cs14,False,chaos_candidate,9.264538957814727,63.28764628372698
596,caf00493e21e0b5a1b28409e,cs14,True,chaos_candidate,5.3995727056266904,41.62302439063838
597,77c2836b17310abadefb5a60,oregonator,True,cycle,0.14623261724421358,1.825782508116794
598,94bbf51813b6679a98541388,cs14,True,chaos_candidate,2.433875496357399,16.07983372851987
599,cb6ca9d02bec83e22dc090a9,cs14,False,chaos_candidate,4.96492877220947,50.15528660606436
600,cf438ad2522254e6ebc1a4eb,cs14,False,chaos_candidate,6.673344021500675,39.5420926997944
601,8153f52554f4fae9af90f850,cs14,False,chaos_candidate,0.28180000205127204,1.5613284781967927
602,0f04e1e80b11973b5cbe7dbf,cs14,True,chaos_candidate,1.4815476871338589,7.905406184697415
603,43d64aa11d39ef5bcc69d011,cs14,True,chaos_candidate,17.01779069395883,95.11101357464656
604,b8bbe5555e386cf8c326e9b2,oregonator,True,cycle,0.1567051852095351,2.0589865258437694
605,4d461a6c7f37e6cf2a4a8242,wr,True,cycle,0.3368138689437332,3.7058286699681173
606,8bda211d3b5dd5361930f56e,cs14,True,chaos_candidate,9.171712525532907,46.52999433173309
607,cd5446b3420f5b0992889e83,wr,True,chaos_candidate,11.175797846242785,45.560075589061775
608,37ffeb1a1400967b4d2225f5,wr,False,cycle,1.0805523382346547,26.93290161428023
609,f5e4bf847a77f244a7a24f3a,cs14,True,chaos_candidate,2.4264408140476283,15.985971207915298
610,ace706dbb35936d3d13240be,cs14,False,chaos_candidate,2.661302678949764,12.884029231827816
611,48ded6be019f860d668c0170,wr,True,cycle,0.5903368808598325,12.457419432791637
612,8e4acc40dce27480b848301a,cs14,True,chaos_candidate,5.476627834887412,24.111909344257445
613,0312cdbdea7c122b79037c60,oregonator,True,cycle,1.602330979855592,6.066135819397447
614,e6ed6827db0c4c290c32d100,oregonator,True,cycle,0.022497902205733177,0.3166005366128078
615,68d7f41e7d7d6b2dde297c6b,wr,True,cycle,1.0321166830579773,11.042714209299126
616,fb7e39d59a44a29114cdb00b,oregonator,False,cycle,0.038123307195265785,1.1286717521045815
617,44d700980c65071671927e33,cs14,False,chaos_candidate,0.7522651793029317,4.779022857183317
618,0015487ef28a8a200a009e20,oregonator,True,cycle,0.0677243470251714,0.6486909443468819
619,9863638d35515c841534b616,cs14,True,chaos_candidate,1.2672658604302094,6.5182127520823085
620,413523e2807a2f1972cf7f40,cs14,False,chaos_candidate,13.434021239802854,141.75207267305873
621,d1392e00549bed242017396d,oregonator,True,cycle,0.701134954299917,10.886617835380934
622,b0d40e857b25a21907547923,cs14,True,chaos_candidate,1.6851121047054103,9.716263818512548
623,e1361dfce9d33635d750c8a4,cs14,False,chaos_candidate,0.8083867431344933,4.459471302761963
624,a8e63b7078a3500fade7f2c8,cs14,False,chaos_candidate,7.530562371702676,39.62722898306141
625,9c693d4cdc02263fbf7afea6,cs14,True,chaos_candidate,2.448888671727168,16.163520731097965
626,db73621f5eec300acc54d414,oregonator,False,cycle,0.018747515257152878,0.26265742564941735
627,b800e474635312bbcaa750ab,oregonator,False,cycle,0.07130448954788635,1.1106153065933981
628,c447502029c881a1412d5f38,wr,True,cycle,1.1298397215372769,15.48616026110011
629,e6ab683bbfb94ad1c3cf2e7f,wr,True,chaos_candidate,6.5939682830329875,24.292367369819406
630,3860484d0aacfe5d560f7c45,cs14,False,chaos_candidate,0.8697000207647414,4.53987993753404
631,e08ba4347513c4d9b0a7cacf,cs14,False,chaos_candidate,26.476700417838686,184.98923713926453
632,9690f5b71ced3d4545b27890,oregonator,False,cycle,1.0971022837245772,39.94557471123871
633,927862c8c5d18d47f217ae22,oregonator,True,cycle,0.7669043874336603,2.4465286565843276
634,4fbd7324558c605da6501fd9,cs14,False,chaos_candidate,5.767915309911396,40.79197626451954
635,f83908ea97aebd25dfadef1b,oregonator,True,cycle,0.033655645526627385,0.3091527670134362
636,8e95bde1d188c082b89bcdb1,wr,True,chaos_candidate,14.024342034213468,49.785183833943925
637,222aebe7f38913ed78e42441,oregonator,False,cycle,0.11849626980324429,0.8592758176327683
638,21f1d8844c8c306564fe3c3d,wr,False,cycle,5.2184040771320666,68.14779963279067
639,7153d718119eb58dd010907f,oregonator,True,cycle,0.653081292457672,2.186211090886388
640,32761461eb01bff1cf7e2248,cs14,False,cycle,0.10228736012660758,0.34296791349720573
641,323db31fec843eaaafa0dff1,wr,True,cycle,25.663733069050025,92.28596006308523
642,4f72b5a4ec1cab54f7c9d9ee,cs14,False,chaos_candidate,9.150660400675928,83.91212782228146
643,79c5253c05d3b3907256e3cf,cs14,True,chaos_candidate,4.077066450738136,22.53201404183952
644,9b9bcdd5fdd7d5efd636ba82,cs14,True,chaos_candidate,0.39121116914866044,2.033900926998205
645,8b72b1a78e81dc12aba265bb,oregonator,False,cycle,0.03774403057641685,0.1457261806697208
646,c559ab84d2e280beb23b3f10,wr,False,cycle,0.548220078334027,17.953526270380724
647,0a4be8adc91e5b9c790087b4,cs14,True,cycle,56.45723443269575,301.5578425608484
648,dd0d6e735dde3e139b0ea502,cs14,True,chaos_candidate,2.431978473516299,15.971955815655138
649,f49d44b337bc1e58272cc5a8,cs14,False,chaos_candidate,34.47048505019822,230.656913326108
650,2bd0507c01cd39600317896f,cs14,True,chaos_candidate,0.5923914179765616,3.025329953764493
651,11ee0f6f204ef6092ad9c276,oregonator,False,cycle,0.020843307952270056,0.09499245314763956
652,14db422209807b2b9a9de878,oregonator,True,cycle,0.05269402895995466,1.0724737982736918
653,f6ad5d01cea2166f7667fa91,brusselator,False,cycle,6.765455976704857,12.803471954533983
654,253e14ecccefa76dbea3d47c,oregonator,False,cycle,0.09039363460628179,0.5398133787885372
655,a55f9d68f8ed78289d873e43,cs14,False,cycle,0.21561695882529838,0.6921244169662939
656,defbccc28328ba66e65df3dc,brusselator,True,cycle,6.396301513555538,15.691388425702739
657,8fab1509d7a39617ac2a7c29,cs14,False,cycle,69.28325603640153,244.24528341373718
658,f13f2a61bef33edadca93b6f,oregonator,True,cycle,0.6170970577997404,7.08231455279449
659,5cf08f2f8d5667d7ac251de0,oregonator,False,cycle,0.21201925697072374,2.0062061808507945
660,c2975da89a11a559691a4654,oregonator,True,cycle,0.8679287519001261,10.500502325041156
661,1bff38e83a174c43ef0c8455,wr,True,chaos_candidate,10.63946474325489,42.431809283466784
662,7b4efde1b00b25e41fffc651,cs14,True,chaos_candidate,2.422307587766024,16.505177599363616
663,6cc5e8a8c8dd17ddb851915f,cs14,True,chaos_candidate,6.459715489045014,39.928878904226046
664,d9fbd8a8f3ac6bc199507fdc,wr,False,chaos_candidate,1.0638152500214653,18.23602837486585
665,7e48a0cc79855c2104ca0a94,cs14,False,chaos_candidate,5.566631806480944,68.82212271656023
666,cffd7ec6e47e83c44bbad4e0,oregonator,False,cycle,0.08340825781732852,4.441719948786683
667,e3623a2759eec6eb5723cadd,cs14,True,chaos_candidate,3.9282007985513916,25.64137317169691
668,9308fa65660777e6157fc84b,cs14,False,chaos_candidate,18.287507211952345,271.7461678238834
669,2a7e669c3156878d5fe9830e,cs14,True,chaos_candidate,6.089323475324452,42.831194947381846
670,33fcbc507f74bd3e6a960bea,oregonator,False,cycle,0.09843388551289195,0.5325045971495463
671,897b016488816bcc3360f27b,cs14,True,chaos_candidate,12.266599391736328,91.93611693860231
672,72da5ab3af58f34c2d79cb61,cs14,True,chaos_candidate,2.0245838449892273,11.932381420565717
673,43ad6a947f3a0c45b2781d50,oregonator,True,cycle,0.3106834088057634,3.9963608146049774
674,750dd02ce1193fda182f43a9,oregonator,True,cycle,0.1309562549470661,1.2690995104118925
675,0776a0b90d25b002a74987ec,wr,False,chaos_candidate,10.824995553281035,37.510181034096014
676,9ba44de7ad9d0b2a81a85266,brusselator,True,cycle,53.30011038714862,146.43766850639358
677,5396c8354b2677b48b385caf,oregonator,True,cycle,0.07310799022877328,0.3506034991428745
678,8fdd35d1eecdef375c5d0ef8,cs14,False,chaos_candidate,4.797432640678214,32.3149222716111
679,fb09ff29bf4b128326793d5e,oregonator,True,cycle,0.33792654203516514,3.4619517349640825
680,f4288a37ceb12e396331ffe8,wr,False,cycle,5.195353547367404,113.14237483530026
681,b543c1a02c71fa4ddd8fdda7,cs14,True,chaos_candidate,21.596316522103432,144.3315848264156
682,f3ec3d05bde3d71db0387991,cs14,False,chaos_candidate,17.81653879211024,215.7864129745782
683,2c4b3f627150d2b245a57e91,wr,True,chaos_candidate,1.8169720600910972,47.96493086304324
684,cba86d6aec8dfdccdb5753ba,oregonator,True,cycle,0.07832032737553939,0.24839838620290383
685,f494ab6fbb181d24da6c2067,wr,True,chaos_candidate,6.428879856306561,23.215012056546104
686,95be3d4262aa88791e26773a,brusselator,False,cycle,42.5406534714024,133.8805061731418
687,067f136eb87f08b8c49c5d83,oregonator,True,cycle,0.018716817570014428,0.22703644806130482
688,b05dd009e12229557c64f937,cs14,False,chaos_candidate,3.5805542819343747,25.90045955396838
689,78f4c21b25cfc869820b6b32,cs14,True,chaos_candidate,1.3131697374307958,7.275500499885862
690,574f58df217ad6f610b79364,wr,False,cycle,0.6816141252599687,28.654043703658893
691,0a6d91a57d68fbeda3f10ba2,oregonator,True,cycle,0.06270201253489334,0.5177913441069796
692,cec507681e48667ebe6a02d1,cs14,False,chaos_candidate,26.768163914764934,131.87058842237732
693,d6789d57b11cdaec1c5b60ac,cs14,True,chaos_candidate,2.4421941313252074,15.912990593877707
694,7a3a437826fe26eed44eb920,oregonator,True,cycle,0.4215601747264958,3.995060886644405
695,3d15883172cb430915ffab90,wr,False,cycle,0.9480909991836205,16.013383657539052
696,7e78b0d81864ad68d7cc9807,oregonator,True,cycle,0.07954142506407706,0.7242375207769496
697,f61723819ba8c425da8a6c3f,cs14,False,cycle,118.65501144522952,538.2227799230681
698,69ee6da574a9f55fc11a89f3,wr,True,chaos_candidate,37.441486874914766,152.146147841447
699,ff1e647a218001979aeeaacc,oregonator,False,cycle,0.03899786196421205,0.5495273957949391
700,64ac6a3053ad05479c46950a,wr,False,cycle,0.940990658330878,44.478851839674995
701,21280157e95a6f57accf7dda,cs14,True,chaos_candidate,1.490526112873051,7.441782994747766
702,fbe50a1bd7314cb55bfc8768,cs14,True,chaos_candidate,1.212592014712159,5.929922179032569
703,e3965c657fac86ff7d789f24,cs14,True,chaos_candidate,3.6725705363588284,25.521160504880555
704,488aeaf3cd52ef058266cbe7,cs14,False,chaos_candidate,44.51440920815598,553.5929841692312
705,6442f7439252018207d9f2a1,cs14,True,chaos_candidate,1.487645787730131,7.582852607590787
706,516f2ded25bd6e53d4530002,cs14,True,chaos_candidate,4.0547422453706465,19.012399457781424
707,e891f5a3c07cfe9350adecfb,cs14,False,chaos_candidate,15.276624673154922,255.1790274695331
708,11062a350a38664c9e9744c3,oregonator,True,cycle,0.049715338420514885,0.22901171466542744
709,186df4cb858314cacb5a145b,oregonator,True,cycle,0.3835430028072941,4.428650921651238
710,e051e8e5a9a4cec7bd0e4fc7,cs14,True,chaos_candidate,78.64936790672868,420.9845571243409
711,2f10adae12a57b5697d46cc6,cs14,False,chaos_candidate,3.572569654427544,38.3712449027852
712,bb2b7b8a317c8d93b11ad874,oregonator,False,cycle,1.059766418093294,18.581572885175355
713,bf307be2613ff69ddd801ab2,oregonator,False,cycle,0.0792463402308448,3.38403440732338
714,6360c757b8bd97f1299265a5,oregonator,False,cycle,0.037746707400991154,2.404298489549673
715,9f9d4c53db6a8b2d00a105de,cs14,True,chaos_candidate,21.612272400661105,180.80316391795168
716,7b08f18f7b0771803706f9a6,cs14,True,chaos_candidate,10.890032732458486,66.52599885720632
717,70c35637f46ea3f62d1a9d81,cs14,False,cycle,92.23431856449785,926.3064555128425
718,87a919a7ee5979155ffe3a5b,cs14,False,chaos_candidate,3.929652944726182,27.356867399904242
719,d1cbd808080828cb03d34ed8,wr,False,cycle,3.7026737186342062,63.618537906947914
720,a20b82f1042096653beadf9c,oregonator,True,cycle,0.33381139242144353,2.185647594450082
721,bd007bc22f2ca522581383f3,oregonator,False,cycle,0.10402187797921328,0.44744461490610143
722,ecb5525d8ace141678cb9289,oregonator,True,cycle,0.055260170821437214,0.3698765872750768
723,7a0e2f71ec341c980fe439b8,oregonator,True,cycle,0.10499471950599004,4.719965261707813
724,748ee3e3cc4a4063910409bf,oregonator,False,cycle,0.03691216563884981,0.5165812455556866
725,0413b2e1118d56a6b850a096,oregonator,False,cycle,0.03228015693071203,0.1545941421272375
726,fa729667acaebdfcdbc62e53,wr,True,cycle,26.062499423153902,82.30902291330042
727,ed433f8529d93cb5ce66afca,oregonator,False,cycle,0.061327700417153186,3.0341141249080787
728,8635ea225af9451349a3283b,oregonator,False,cycle,0.023489609915146453,0.9492821209171481
729,3fed7391453dd3600f014103,oregonator,False,cycle,0.03797789621105314,1.6013833538662008
730,8d31c91e089bc8d7c0007c2f,wr,True,chaos_candidate,6.877758787164896,25.1063275675583
731,a2fc1811b5484a5981922929,oregonator,False,cycle,0.046908216382497744,1.8420426855524827
732,c3a86294f097c6cddcaf98bc,oregonator,True,cycle,0.22047101578045444,4.959150301086974
733,23e0dcda9dcd5250093c64b4,cs14,False,chaos_candidate,6.993489396386358,37.88999035968202
734,814e654c52e428536ec18bb2,cs14,True,chaos_candidate,1.3827347241647212,7.7848983424583755
735,29ed214274887ac7f13fc5db,oregonator,False,cycle,0.01980167908539919,0.36418460068168185
736,7d12b8c0d0fe87706f20594c,wr,False,cycle,0.9452170460371153,31.740927449061545
737,7dfca772916a3acfdcdbd85a,cs14,False,chaos_candidate,0.9361783248795108,4.994022927656078
738,d182688128ffe8ca28835662,wr,True,cycle,26.342236880261545,84.58455903452493
739,7204dcf7609b9653ad0b41bc,cs14,False,chaos_candidate,4.184606495264301,30.082963861379085
740,768d6df4a36803f214fed5c2,oregonator,True,cycle,0.15211735720741154,3.3341298808289523
741,3a9874d465fe623e4adb1680,oregonator,True,cycle,0.03316446877702409,0.17303283859500967
742,bde85b9dac5c88b0729b9363,cs14,False,chaos_candidate,6.894118901137384,71.08047189311283
743,bdbe05cfddc3f9f5208db4b5,cs14,False,cycle,66.95403064713409,283.92900861867247
744,4648bf57e303ec935e78e1d5,cs14,True,chaos_candidate,1.7711398320028302,9.937053208959185
745,17d1c2a901e32f0dfab461d7,wr,True,chaos_candidate,10.48908360198883,41.74743638647676
746,3b661b2ca41ba062260f8620,cs14,False,chaos_candidate,2.7691361605216893,13.64880914659099
747,b82324019a5116b6e87a5955,cs14,True,chaos_candidate,2.1419182860506716,10.337882145362462
748,32d3ce52875c880c16da9be5,cs14,True,chaos_candidate,1.9422697099525046,9.464920652791633
749,f98c2f54c4bf8f3cadf2932b,cs14,True,chaos_candidate,1.3664270573756612,6.913120415663287
750,6b605e5363a5c499dfdd0dbe,wr,False,cycle,0.1523505695396696,18.487946595095103
751,ab0cf36d3b53fa592d9783be,wr,False,chaos_candidate,2.0879968040848556,33.6171336737146
752,47d13de3eb39c955a5ad08e4,cs14,False,chaos_candidate,6.535709533358264,39.274492520286515
753,79bf610b6d9feb2d079670d3,oregonator,False,cycle,0.022128303017124786,0.21842553218932462
754,c5b3c7095c9579250b257af2,cs14,True,cycle,54.540354743933136,327.04973308604536
755,3f07f710cc2e1f5d27e48ead,cs14,False,chaos_candidate,0.9874917537751082,5.902760252413302
756,04510cc35e2952fc5d3bdfca,cs14,False,chaos_candidate,7.241709785711862,35.155497258565845
757,cb9b93a117afe968a9b83d13,cs14,True,chaos_candidate,2.457655561706144,19.861280284222804
758,16dfd7dfc1a259a64d1c413b,wr,True,cycle,51.021129150596835,194.6386744802113
759,aa6a98cc05190239e7227ca4,cs14,True,chaos_candidate,1.7573300606755142,9.61046024000566
760,d476acdcc77411c699495d00,cs14,True,chaos_candidate,0.4774507034174616,2.603837429178533
761,a96255bd79ae4df517a90439,cs14,True,chaos_candidate,8.978507365127493,41.53532162361261
762,e08040fe426d128144a2cadf,oregonator,True,cycle,0.09706089209740124,0.9294318545925423
763,4acc423fc588450d3c9065d5,oregonator,True,cycle,0.1331932166142183,1.406164433189302
764,4b0483e43a458924589b53d0,cs14,False,chaos_candidate,1.295776750815237,10.214518555748791
765,31a86e046d7afa69af1b8298,wr,True,chaos_candidate,32.866998525092285,126.97752837288442
766,37389962bb6fda5eca9e58f6,oregonator,True,cycle,0.6491228680438973,2.270392798431769
767,3073e1a97b2da4d18b0350c0,cs14,False,cycle,78.44701534421722,363.26597814856336
768,4f2e85ba17e1358c18444446,cs14,False,chaos_candidate,2.3683281871916093,27.3552225437132
769,052517248ac9dc9080b66fd5,cs14,True,chaos_candidate,6.412607496402054,45.62229650661345
770,64212f78510c73b3da41e03f,wr,True,cycle,1.3809866281392829,12.093421074657057
771,d82886d3ae41cb7f341de276,cs14,False,chaos_candidate,34.66287779575542,267.2134093254842
772,550c85265d28790a8443ed24,wr,False,cycle,0.5347448255279482,49.33993589124488
773,ee202310e844ee5e94b9ab57,cs14,False,cycle,45.408630172321494,407.7915814640671
774,7f399aff5e861b6ad27a98f4,wr,False,cycle,5.41550797228858,105.6344671780046
775,ab827ad346220231da741b79,cs14,False,chaos_candidate,2.648105366035455,12.198639081937143
776,ab8a796f99369c6fadb8a26a,cs14,False,chaos_candidate,2.807734012860782,15.132096021256258
777,e04860fcf2e85d50a59531ae,oregonator,False,cycle,0.09167149306315998,1.24469676033561
778,f9f7c702a922c12204dcd007,cs14,True,chaos_candidate,6.778855391431621,40.78133131820443
779,ea029be4eba508a2044e48ce,cs14,True,chaos_candidate,2.478808658596854,16.0091171391462
780,5fa8d2a6ce58897904267f98,cs14,False,chaos_candidate,11.225372331766145,120.24271067212607
781,b7a7d58212062f0bff715717,oregonator,False,cycle,0.15069425936548575,7.387964536727259
782,e95bccab4def3a4fbfe52688,oregonator,False,cycle,0.02902402808417365,0.4989942615067428
783,2532fd3b4c95a33c7b8b393a,oregonator,False,cycle,0.3040330098357083,0.8963346826280022
784,29be1f891f21906978f8d816,cs14,False,chaos_candidate,3.1725772290737857,17.131705200649577
785,eda8a5317d766de2e3e21fa3,cs14,True,chaos_candidate,9.711737543751184,46.10782958941652
786,62299fe95f51d56a910fca5c,oregonator,False,cycle,0.10680423213951039,0.7748404498507158
787,9cf183a585922391755a1956,oregonator,False,cycle,0.050520462307230646,1.850753688643302
788,ef997f8b36d006978afbb448,cs14,True,chaos_candidate,3.950830337427371,27.75963047909852
789,7ee7b8d6fab032bc00c68934,cs14,False,chaos_candidate,12.87429064874929,127.89598394694234
790,d5e495a869b8e4127f91050e,cs14,True,cycle,17.03581101470469,57.37165833312228
791,cba2ca791310bc24c2754864,oregonator,True,cycle,0.7567616726440737,2.2742180702560884
792,235efe5072a9c8863fc86df3,wr,False,cycle,0.8832866139695538,15.951254639392761
793,a90b66c8f4a1402b812da6c4,oregonator,False,cycle,0.038527821613114695,0.8126163902512501
794,63099baf6d4c8e93399ed015,cs14,False,chaos_candidate,2.970401056986057,16.0942221449931
795,be515f958037d15089691f9c,cs14,False,chaos_candidate,7.444708804691123,37.18523229531794
796,42ae695f713e08552014ae2c,oregonator,False,cycle,0.0364838980557636,2.3519867600207065
797,c5dbbce71f20833e50f5afa8,cs14,False,chaos_candidate,7.993240211592332,73.66708858506254
798,9792ea13b15e5d4d7d4fb7e5,wr,True,chaos_candidate,10.3020732575726,70.37669997824712
799,8b6e378633a3d6252ec16cf4,wr,False,cycle,110.31630000244922,327.82947224884424
800,9a188a6d4943d495b250b4f0,oregonator,False,cycle,0.3447867766921869,11.537007799620723
801,73cbee5a6eb07af34c3fb7e5,oregonator,True,cycle,0.07600551103575097,0.2497091199770076
802,2e05f27ff6bceea319cbb829,oregonator,True,cycle,0.02970852033165079,0.23461828449767938
803,be200b6c786f1f773c60e925,cs14,True,chaos_candidate,47.599085926855075,373.9943566900068
804,f72dd84c30b8c6be7eb086cf,cs14,False,chaos_candidate,3.2646873115982165,17.123860907894247
805,e8a5ed42a2f5ace8d686ad1d,oregonator,True,cycle,0.1254034897966248,1.4839252149844637
806,1bb52bdc3e8fa7bf6d816b50,oregonator,True,cycle,0.021520526041746386,0.14624655935940875
807,edb491df7f52026a7411b54f,cs14,True,chaos_candidate,3.8562182320000913,28.00310964377601
808,bba473d810264a0530b89ad3,cs14,False,chaos_candidate,5.187540923681437,29.615320701146146
809,b57ab741558d0a75afc67e35,cs14,False,chaos_candidate,12.23496287812907,162.9566802791116
810,618bd3a71726d165f3531b32,oregonator,True,cycle,0.07861270438149831,1.6094510940165125
811,33c99f50178a5af403daa6fd,cs14,False,chaos_candidate,3.0639467650641525,17.243491170415343
812,05cd46f24659981c627cd521,wr,False,cycle,2.1882802811400666,70.40381045653581
813,c2f2514778fa6fe5102f4864,cs14,False,chaos_candidate,4.843411827547944,25.273099419690976
814,133c1e4ae1da766cd23a5f8a,oregonator,False,cycle,0.053471811068874706,2.756225013850714
815,90a59bef67219151360c061d,wr,True,cycle,0.13476656401085388,2.1559263773167543
816,abe3b226a121ab9e09c62738,oregonator,False,cycle,0.26961390084419146,10.959758891584658
817,98db27adc752b33d47f561c9,cs14,True,chaos_candidate,9.303209006954983,49.79202403448627
818,1e4c98bf534835722556cecd,oregonator,False,cycle,0.02564545414386783,0.0956447852877818
819,0e2022de77241f55103045b9,wr,False,cycle,6.243223441521379,129.03757000629176
820,1d1563a9372835180c356eeb,cs14,True,chaos_candidate,1.7397228466528099,9.399442857997258
821,893d64b5d24909be8e3b29f1,cs14,False,chaos_candidate,6.5692282448314225,36.71048093005935
822,d4e79251bb0192a598903df5,cs14,True,chaos_candidate,6.2750436329871215,42.89467889970354
823,cdbf7bbc098043328c32296b,cs14,False,chaos_candidate,2.7499433817009913,15.2870864354325
824,b67bee4fcbb28027a91d6d0f,cs14,False,chaos_candidate,5.54648359677175,40.008794967307786
825,267663d08e5f13d8bdfe2d76,wr,False,cycle,0.8472275230341947,18.006194314504448
826,e13ae7e54f5807eeb51ce6ad,cs14,True,chaos_candidate,2.4341235875237186,15.975263881771165
827,961f97f25c10a03d09db744e,cs14,False,chaos_candidate,2.6910668529247457,13.839531250158203
828,db0701deda796fe382340063,cs14,False,chaos_candidate,4.468829374021915,27.26464836920373
829,adfaaa7645b810ee1cc8ac69,cs14,False,chaos_candidate,5.065142635896421,27.34364977728619
830,62ed2c7a9c1e596ddf16c850,cs14,False,cycle,103.34157630620078,668.0375935147978
831,441e12e811796ecad94a58bd,oregonator,True,cycle,0.05763059204135602,1.7140709855807348
832,eec3d73c542b6504ed2c779d,oregonator,True,cycle,0.05244060537763764,0.23592925743122556
833,e289b7e6eb0ef2b00b11c037,wr,True,cycle,0.5001575521408991,8.927619377805666
834,7bc1f550845ddfbb0e03ed65,cs14,False,chaos_candidate,9.075862640569502,117.8249862178937
835,4f73ecea4ba8c1f435ca5a37,cs14,True,cycle,0.4456210089821062,1.4819351208606573
836,523be6b2a0357655671baf82,cs14,False,chaos_candidate,32.29556708406667,289.77084469607314
837,be640959c61602bc51b07264,cs14,True,chaos_candidate,1.0393029265273945,5.650204519909448
838,3afa4a617a46d95bb5c78983,oregonator,True,cycle,0.9834867527134367,11.557209684520487
839,74f06b4205884dbdc374858a,cs14,True,chaos_candidate,2.347977970311727,13.025629759241676
840,bd58c10b913aa76df1c69289,cs14,False,chaos_candidate,3.4545422580230656,42.20536837550307
841,ea0058084631552bd342a646,cs14,False,chaos_candidate,26.163015412430973,388.3765829964268
842,ddbb5e10119e12cb11accdd4,cs14,True,chaos_candidate,1.7785799009695467,8.383067149085496
843,548a34e1cb3c841713e10852,oregonator,True,cycle,0.03990741124831072,0.14736424593008732
844,33a24c57e210b4e93606769f,cs14,False,chaos_candidate,90.56762365012536,617.2205850158276
845,abc32188e58c08328e737124,cs14,True,chaos_candidate,1.5077840016531474,8.315837185588103
846,d147fb21f71c28b5bee808af,wr,True,chaos_candidate,11.851808724217344,47.42374991333829
847,cd9ff2d4cfcdf05fa8e144a4,oregonator,False,cycle,0.22071725059066175,8.180363749818246
848,0a2164b28ee539c8b848e6b6,oregonator,True,cycle,0.032210882121749454,0.215591948744754
849,bd54bf459b830862dee7c92e,oregonator,False,cycle,0.16467835446367526,3.0657593072820473
850,a3c9501aae8f5bfaa95e7cf3,wr,True,chaos_candidate,13.192997791854697,50.90993605255136
851,ee75a2288249ed440edf3694,wr,False,chaos_candidate,11.59305406740345,37.62616773639191
852,3e67de89384349cd261f3fa9,wr,True,cycle,0.48906304612982593,7.027437518007111
853,f947389879d9f28d352c2ee7,oregonator,False,cycle,0.23118021667179184,12.004023392429472
854,75dc649e94b3b83c7c0ac256,oregonator,True,cycle,0.14774630391511084,1.6282230948146126
855,6596ace11fd207ca39529c71,cs14,False,chaos_candidate,6.450696174017119,38.395700235785306
856,fed6d0c5ccfcf215f52deb03,oregonator,False,cycle,0.05882726298433143,4.123839877186605
857,e54a99b06b043dff1a2a9718,cs14,True,chaos_candidate,20.48212382438249,156.3638689212223
858,59554de5f453152266f88ca4,oregonator,True,cycle,0.04416377612469393,0.2225041656989523
859,369d893519a4b552eeeeef2e,wr,True,cycle,2.0171546935511313,5.702412955080736
860,7fc3f9a9035607577a44d829,cs14,False,chaos_candidate,16.137496904856206,80.75674765739527
861,0a9cb175a06702dc3f985f99,cs14,True,chaos_candidate,1.1674915545707505,5.2786634189365556
862,2b3eaccded5de3faa438a527,wr,True,chaos_candidate,13.452738101654534,54.330407835540406
863,563e38e05ab1dddc9c32ced4,cs14,True,chaos_candidate,1.2843536303610397,6.17145699727505
864,3753488ef3ce70e3d58eacfb,wr,True,chaos_candidate,16.077570331396807,58.28237685717715
865,e9da4bb3a289ce21c3db38af,oregonator,True,cycle,0.7651932441380626,11.19951454796136
866,3ff0e4e93f59ec99dd2b9d53,wr,False,cycle,0.26829737175918517,17.07510899177847
867,7c3d28074389fab3681fc34c,cs14,False,chaos_candidate,4.388695556552881,26.071608500286867
868,7351375450b3c32995198a46,oregonator,True,cycle,0.13768692760799434,1.3042387242195446
869,2eb31db480db7f088ef11286,cs14,True,chaos_candidate,7.709954900134469,40.519948825411575
870,00d1702e8772b091307cb1ce,cs14,False,chaos_candidate,3.0309742849303856,15.762728670472535
871,6b7f20b8f444c6199b2072b4,wr,False,cycle,5.966577637199842,109.93990780417434
872,a5de8266597801ae04216b78,cs14,False,chaos_candidate,3.600177624480275,17.448749356037435
873,41837b1d313047b60fe88ab7,cs14,True,chaos_candidate,10.572061089511593,70.91853630347673
874,da9f526cadec6c661608aaa3,wr,True,cycle,40.72468418949023,139.34425513717565
875,131066bfd060269091952ded,oregonator,True,cycle,1.6117196678043282,6.05959065084173
876,3bb4185671b3241e7cee1bca,oregonator,True,cycle,0.07814651205724756,0.6729641281188364
877,1199312449afb7fddbdc829a,cs14,False,chaos_candidate,10.682724227654944,146.64880877563743
878,d0754a1509ebcf9ae8d529a9,cs14,False,chaos_candidate,2.666999018703863,13.553316710554894
879,d3983d9b1840ffe64b2a210d,cs14,False,chaos_candidate,9.086092598333979,72.56930852670746
880,b8aaa6866de52bc843164a6e,cs14,True,cycle,0.05031758388738548,0.1689830868712712
881,b8079e2a109411e6e79c820f,cs14,True,chaos_candidate,1.0995335845482404,5.729155692918369
882,56644072010ab1c052898722,wr,False,chaos_candidate,10.366703683667607,36.35729525799754
883,36d0e80c2fe8cc178efb9c4b,cs14,True,chaos_candidate,0.28725764543285887,1.5328399024000736
884,a7eb60363556bf421072c5ca,wr,True,chaos_candidate,3.928535692955862,14.66735911744824
885,bb0348b464119a394429c397,wr,False,cycle,3.787684650790578,68.20309383452333
886,9cc8f06d1c011809150832d3,oregonator,True,cycle,0.04339698206073685,0.15082987282113058
887,535b83144572177350d56d2f,cs14,False,chaos_candidate,2.6882957345820073,13.369941785733085
888,04bdd96ec47930c29a9cf274,cs14,True,chaos_candidate,3.4901729619988684,26.5253284869552
889,7ccb6f79dad2711911269c34,cs14,False,chaos_candidate,25.547698348911204,296.5590271569299
890,2945476fbd7f8e0311fbd18f,oregonator,False,cycle,0.0308908872565138,0.41373730902913874
891,3ddf5903606d433ec31c0416,oregonator,False,cycle,0.09193803165127183,3.36830524815896
892,b35506c52d70b082fd985685,cs14,False,chaos_candidate,1.2131552965713641,10.236047050563409
893,fb9c04f83d15000d81a21a78,oregonator,True,cycle,0.03884386934252396,1.1519699370936587
894,d34bcc70bff8ed64da2ec7cb,cs14,True,cycle,0.18645104664059683,0.5723985816152347
895,6ab83679f1b171c97062151d,wr,False,cycle,16.408726584970847,38.547235824892184
896,9d0ba7431465b32370304c6f,brusselator,False,cycle,4.129104221815387,15.579377448414586
897,0587bb13d6a9bc70555dcc6b,cs14,False,chaos_candidate,5.501349412472162,70.25234853336383
898,9610578e3cd76d21f3acf4ca,oregonator,True,cycle,0.13251556351648655,1.5889606896448571
899,77c725e2b20da0f1b2c27d0c,cs14,False,chaos_candidate,4.298546808154816,43.322177844505546
900,6f5e63b9352f4156e29b194a,cs14,False,chaos_candidate,6.756095317114366,71.23393540135821
901,53550dca1f0b8af62ab42a2d,wr,False,chaos_candidate,9.568761136047945,132.38688787836858
902,037cc02a9c5ea10ab7205a2d,cs14,True,chaos_candidate,3.348791172645272,26.235860676164393
903,1de5083d0cdedb9665ef96e4,cs14,False,cycle,4.354194403449321,14.52899841045405
904,d09f71235de54c022bf3ec4b,oregonator,True,cycle,0.06602321050031408,0.24290941552948972
905,7a4bf004fe304bf25424207b,cs14,False,chaos_candidate,3.1852731565927543,15.856899724836742
906,3ae32aaed81f2b693a195be6,oregonator,True,cycle,0.016601697259114312,0.08594468652144761
907,2707345880f9521f26ac71c4,wr,False,chaos_candidate,10.024186615277422,34.775043065122965
908,8d78e32a46b264458bbdcea0,cs14,True,chaos_candidate,2.3520907562713416,13.022918031499449
909,b95e32036a699129aa690227,cs14,True,chaos_candidate,2.508390641862905,17.2455191373607
910,a9d2aefded1afc2daf9db572,oregonator,True,cycle,0.4811346834462179,4.0359891455518575
911,7ef848065da949c4f7da9d0a,wr,False,cycle,128.69430120173575,428.3173096713413
912,21b20dccc226066f799409ca,oregonator,True,cycle,0.37641356314069996,4.155107582296242
913,123c355e7e75f9597ab48b55,oregonator,False,cycle,0.20061508780536397,10.760788615544426
914,09fe78d9949366255aed95bf,wr,True,cycle,0.2080371114518524,4.01550829525494
915,e92dde5aa5e436cda74a71e4,oregonator,False,cycle,0.10865400612760266,0.7162648917556681
916,6f10e0393c1f8dafd26c2aa7,wr,True,chaos_candidate,3.631354205259473,27.952641340752496
917,509bb2ac3b9b273d1afb0076,wr,False,chaos_candidate,11.185561624894909,37.55634460864921
918,35ecbb2fd45bf5980c9b3a1f,cs14,False,chaos_candidate,2.908324571219286,14.066210172608828
919,aff851d89b7d43b6ca4eab89,oregonator,False,cycle,0.14355815117042053,0.9126245733359202
920,81c8ebcee80668cdddb831b9,cs14,False,chaos_candidate,0.5277495816988717,2.5585475390426122
921,39fb7c98d3d8592ecab4f0d5,cs14,False,chaos_candidate,1.9246020369992882,27.578574788322936
922,c90cc29ebbea572c8b56be4b,wr,False,cycle,0.14432384439631046,10.068059122935809
923,985ef901aac20838bcb72f61,oregonator,False,cycle,1.6478641335837758,44.746083600105266
924,6b3eff58f8117ea42c6748e7,wr,True,chaos_candidate,16.026578900655384,64.30880871214724
925,cf7f5bf628c13375ada5d934,oregonator,True,cycle,0.38672113375393,2.6549922897646705
926,120f8884f362ea75007e8b22,wr,False,cycle,0.052450807238128866,3.6502924250695004
927,472ef25c98d4528f7250cadf,oregonator,False,cycle,0.12169797256599614,4.3850157100290135
928,cf28ab1c23e4f8a7cfa43453,cs14,True,chaos_candidate,1.1798614997787138,5.8657533549384695
929,3bc76fc3bfa61616c542d107,wr,False,cycle,0.06220334612394086,10.431625827835358
930,bf743759d32262aaa00e832b,cs14,False,chaos_candidate,3.5669299464349313,38.240726480502175
931,1ede0d011f4282beb789db43,wr,False,chaos_candidate,12.20093424913284,39.18992447572254
932,a7f0e820ae00999a26bef6d5,cs14,True,chaos_candidate,7.2770386935178015,40.16763663644967
933,ad8a524ff644f4a723a62330,wr,True,cycle,0.2523240343179556,7.730088743177043
934,65f4af4fb4c8e52b1159ace4,cs14,False,chaos_candidate,0.6028259913381383,3.8600611347107012
935,ad620e4d8ce9e7311d2298f0,wr,False,cycle,125.06119218973218,360.25911057838636
936,df4d0c73b960deac8ce09653,oregonator,False,cycle,0.5190591330103221,10.787702066224929
937,8a60e31feaf7f3da16403a0a,wr,False,cycle,0.29507563498970285,11.080519788826262
938,dcb0236fd09424be862d60b1,wr,False,cycle,0.5453683623634805,21.138546903946295
939,3bc4117391280f1bfdd3d3c1,oregonator,False,cycle,0.7212088448635341,31.778772357503705
940,466c62378327ad57bbf067b3,wr,False,cycle,5.945883920745496,113.09221002256363
941,f7f0b58a49960a044357fa90,cs14,False,chaos_candidate,0.6622470497150917,3.8215595079915854
942,b38c66c0858594c6cfa971e2,wr,False,chaos_candidate,4.589370551768695,68.61877542617118
943,48af1dbb51740b934e46b3a8,wr,False,chaos_candidate,12.188682671063095,36.302628749147345
944,730410094d33bbd07c2ee282,cs14,True,chaos_candidate,2.4390513164021193,14.17697216409523
945,15eba7a987f2e852067db19d,cs14,False,chaos_candidate,7.913529050771421,35.3732845329156
946,06615cda4d2357d678112c01,oregonator,False,cycle,0.08136854847276405,0.5647725284484405
947,5db728987f82fa18c472fd0d,wr,False,chaos_candidate,10.378332758125586,36.91180937519257
948,d358f19faa620ea4fc22b2bd,oregonator,False,cycle,0.024862691812340448,0.11290408638289287
949,9b3edc236fe3c89e18e94177,wr,True,chaos_candidate,4.065571013892676,13.361784409006745
950,afde71ccc3fb474f56a26959,wr,True,chaos_candidate,2.1245581933064703,48.99431385554724
951,5a5ea17331b0106c589345c5,wr,False,cycle,0.6115365962479561,36.98155741938547
952,bb848c465d3cf0188a708857,wr,False,chaos_candidate,11.096566143718075,37.83239200147168
953,720c6439f3b7136304664c32,wr,True,chaos_candidate,12.080002320180274,46.72870475544338
954,8eef0ab416cd2965355568ab,wr,True,chaos_candidate,6.982011600155224,23.99736885333857
955,4f629f1c569b3bc8deb0b3b9,cs14,True,cycle,0.1125439382267015,0.3526584393145837
956,591700b618195c707ecd2702,cs14,False,chaos_candidate,0.40868997939522717,2.1425199890492186
957,bd154c599c40bfaabaa31a7c,cs14,True,chaos_candidate,1.857611967301045,9.859451474604944
958,7892f4380ccbf8778c61ba75,cs14,True,chaos_candidate,1.7761442369415452,9.64030992566117
959,c41e22067bfb2f0c9239e6f3,cs14,False,cycle,0.22338584522653007,0.640010652592441
960,8b531f3291912ba1c1791c7d,cs14,True,chaos_candidate,7.881589543622999,49.82475578977846
961,c6a2c33fd4b9bfcd9151f2c3,wr,True,chaos_candidate,11.736947689609833,43.06316267712082
962,91e63e803339f0f92b9e1d92,oregonator,False,cycle,0.024795178973081443,1.1047134047068188
963,81fd195f10aa711e3a871eba,wr,False,cycle,0.4111996269860191,21.7461306300653
964,79208cf3986227793cf1a1cc,oregonator,False,cycle,0.11290361865952384,0.5035707599973417
965,642e416be8451e9a286d2ab5,cs14,True,chaos_candidate,2.5048168655112355,16.60663073148397
966,a7bed7c852f319997f8250a9,cs14,True,chaos_candidate,3.6162863287734317,26.272725473526467
967,30fcc38bcc7a91935633540b,wr,True,cycle,0.20683424468299869,2.413999416758563
968,46f4b1b251cfbc63d8bb331d,wr,False,chaos_candidate,15.89617522936009,48.56200276688191
969,10a659f086019ca85cc5dec4,cs14,True,chaos_candidate,10.493172731830386,69.50725655213274
970,74255d3d18eca31d5d6c67a6,cs14,True,chaos_candidate,1.5591426725569684,8.342571906895513
971,13acd06d1b669d905571c885,cs14,True,chaos_candidate,4.080022648069959,17.215036635115737
972,b1caaf94d5ecf098822b1e95,cs14,False,cycle,86.80955534370364,719.6190591070939
973,1c6030bc7a5e8d779bbd3f68,cs14,False,chaos_candidate,2.781875708439933,18.522181267681677
974,c6c23b111e5f1c1d333dc4e3,cs14,False,chaos_candidate,10.280006901717393,118.17246088566225
975,015ce591603378730939b120,cs14,False,cycle,12.968172074887557,210.14007742902038
976,c8d94ea80a745b85ddc1ca4d,cs14,False,cycle,104.0288957641449,457.92111002307985
977,6bfeba5458bf61a3435c2caa,oregonator,False,cycle,0.062481872413162894,0.8540715428796792
978,b2953e16bc060088cb1e5f15,cs14,False,chaos_candidate,24.258163094211273,243.64735225101336
979,f6df6e5045ee171fd966d076,wr,True,chaos_candidate,6.559102326016229,23.477883461830576
980,af1049f792cb1ca0d0f57f7e,wr,True,cycle,1.0496297689149892,3.801182729575776
981,f400bd0b165a0ac2efa39e82,wr,False,chaos_candidate,17.692683135634876,53.03911794698763
982,a8936a8f977f30469f4083b4,cs14,False,chaos_candidate,3.6040734883400374,45.39755025478484
983,a0324765b35b9b376edda582,oregonator,False,cycle,0.03181630683814782,0.1448633518940476
984,6beeb052b5fe6c23f3b426d7,oregonator,True,cycle,1.7918035478220486,6.079702498719099
985,26eef4750547e6c15eeffc4e,cs14,False,chaos_candidate,5.491355190989051,49.488584374458874
986,79269429c58b526b170802bd,oregonator,True,cycle,0.07429500631796496,0.35235098893118527
987,2057fe5ac0cc26b79a943f87,oregonator,False,cycle,0.44533894029773036,11.482475470763921
988,5da3636e92b4dc22a9f415f8,oregonator,True,cycle,0.02224016305017262,0.15171516211648917
989,80b698de266a9c6f660f176c,cs14,True,chaos_candidate,17.887605024582136,109.0568488203444
990,77a10150118ba913f621c7e8,cs14,True,chaos_candidate,1.3994793453267889,7.549748699520527
991,fa368442b74ab09c99d9c6a3,cs14,False,chaos_candidate,0.27818090154168074,1.711952631085536
992,5b9e63ee19c9e29ca5f87b28,cs14,True,cycle,0.16099192537785095,0.5932065763498375
993,12229ca2854091d85353d143,oregonator,True,cycle,0.15104807491700162,1.776100934962255
994,8bb69d9d710b93897b75bbe8,oregonator,True,cycle,0.06984500074566277,0.29373132061936746
995,035c6929f226ffc43502bfc6,cs14,True,chaos_candidate,1.1632713754986417,6.090831031720138
996,4312ddb1ac64a87cdbf1c35d,cs14,True,chaos_candidate,1.9203681909717223,9.275410080351376
997,e5446ee61b41c08eccab8195,cs14,True,chaos_candidate,10.992216889106194,72.43953399277699
998,20f5d8e1072a19aee231316f,cs14,False,cycle,74.51569840996383,329.345344644348
999,d50b65cebf598c0801310956,brusselator,False,cycle,4.104380720190594,14.238507431750849
1000,093cbf19bea0960f1a3267d0,cs14,False,chaos_candidate,29.529768073853656,205.73766884291356
1001,162721a0cddd19ef25db42f5,wr,False,cycle,63.65578246080912,234.96898583387238
1002,fa364481c8f27b8183217aa8,cs14,False,chaos_candidate,2.953495953264591,15.95160841323281
1003,12ada5593f4bf595befda4a5,cs14,True,chaos_candidate,1.298239855476318,7.41152961233306
1004,55dde1045e81730d6ee0b6b2,cs14,False,chaos_candidate,0.7809518533568953,3.9405500466969747
1005,0d2bb452db0a1f5f7337bba4,cs14,True,chaos_candidate,2.4898576835247384,15.9175364976166
1006,580b2d5acd31b4647d5bcf34,cs14,False,chaos_candidate,3.21983450555978,18.19019816767312
1007,4fc9e8befd0f1faf006a1f71,oregonator,False,cycle,0.4448637354350382,12.797167227552608
1008,cb0e5bc7381f6f333369c0c0,cs14,False,chaos_candidate,2.689019421741445,47.97693839790707
1009,fcffff08ac1a9f4b96bdbd1f,oregonator,False,cycle,0.05483369194521568,0.7016049317730925
1010,895c1a4e0ac6119b50fc432b,oregonator,False,cycle,0.09940625197595276,0.5369943030593196
1011,78acbd89a7fb116914950f62,cs14,False,chaos_candidate,12.868121208441938,110.18281060628544
1012,32825aa73c171f3567470beb,wr,False,cycle,25.93749386849795,424.7097757368125
1013,525670eb6037b5171b70ed3b,cs14,False,chaos_candidate,0.8250795737164494,5.242398173238872
1014,7506fb6cc74fc15fb5b6c3c6,oregonator,False,cycle,0.04133565470300513,0.760858016491988
1015,988115ab40b754c962f7662f,wr,True,cycle,0.9271129226646596,19.96901364157648
1016,325aa543b4451ed9bed439c4,cs14,True,chaos_candidate,1.7769176930230945,9.166171778276906
1017,61d3ee674474bee835b8aeb8,oregonator,False,cycle,0.07100492440558163,1.0482003664493602
1018,a18b2af8d6af0bfbbb44998e,cs14,True,chaos_candidate,21.988646315080732,133.2375266018579
1019,45ac9c36577521fb6c703563,cs14,False,cycle,87.1261336903606,407.8413046495964
1020,69e48693a25cac71ba5115a9,wr,False,cycle,1.1455938112354163,61.90885879128699
1021,454931b19a3dc2a5cddbc599,wr,True,cycle,0.8217365145694899,7.003475250878061
1022,95920b5ae32282752cb17e28,wr,True,cycle,1.3418272075406594,15.789715879908417
1023,c55b2576fb9b73461ebd4dc5,oregonator,True,cycle,0.06414459116282878,0.3209337385933333
1024,1f4e54655ed053270c27fef7,oregonator,False,cycle,0.02937907085110877,1.669037686387066
1025,9bdeea4b590ebba1f579c17b,cs14,False,cycle,105.32670466145538,383.0278781421585
1026,5ef8755ba4eda2bd32bc9756,wr,False,cycle,1.5560909326266301,30.675182596644564
1027,743d35b0c3186e9696025a81,cs14,True,chaos_candidate,2.447182862226546,13.021857535385395
1028,bd08b1077173a4fed58984b6,wr,True,cycle,0.22027031825913979,4.681198701547008
1029,bd7d429e5688ab2dbcb676cd,wr,False,cycle,1.413677343342723,38.94371822767357
1030,ca95f1f3fc1b392f07b12055,oregonator,False,cycle,0.1297889160906685,0.7390292786949327
1031,059f8bb880a9f27f1d63a7ba,oregonator,True,cycle,1.7112828602589458,5.853927469469394
1032,3bf4386ecfab7f4a6982def2,cs14,True,chaos_candidate,4.24907873904601,21.373932282493268
1033,6d894892028ebab70c4a8bff,oregonator,False,cycle,0.08458791750375219,4.282439672969007
1034,0ab1e2136ebc75a39b5b8b21,cs14,False,chaos_candidate,8.647188473058469,69.65618854648146
1035,2eaa8c410aa8df8e63d3c8c1,oregonator,False,cycle,0.09922554091138316,4.31027638911842
1036,b6f0fe09f0ae39cdbd674c05,oregonator,False,cycle,0.0328727968846824,0.4684160819613563
1037,93a9cd296cd55c038327da7a,wr,True,chaos_candidate,0.7198905376611802,23.094303243798905
1038,3a586d02527fae51b9b07bba,oregonator,False,cycle,0.1582477748502344,0.6242779389779104
1039,eb85d3d8c34790b423d9bf5c,wr,False,cycle,0.6159956800296185,21.10990972732826
1040,bacea7d3f8023ca4011f879d,oregonator,True,cycle,0.037924357794036544,0.3499653651404609
1041,51ea6af2715e9023631f2eec,cs14,False,chaos_candidate,3.7530396748139765,19.385583324616693
1042,f059b3f232655fadc4aeff63,oregonator,False,cycle,0.468102490632088,12.719373909917627
1043,a6fbd7fb3fda7b042988d83e,cs14,True,chaos_candidate,1.0478354276255313,5.2048428764229
1044,0775d0e38537c3a2cf0f1909,cs14,False,chaos_candidate,3.8942955584155303,41.14138069152198
1045,bbb5ccf4d4a4ba6839d2c4a0,oregonator,False,cycle,0.039926267385467035,0.1413595651480424
1046,e3d96b637c661f2efb8f3123,oregonator,True,cycle,0.05541361491221693,0.21013157187177545
1047,2acf143bd84f09f67e82eac3,cs14,True,chaos_candidate,2.295001367945697,12.419883801997392
1048,20b9ed4d8d1f4ec727bd338a,oregonator,True,cycle,0.06266321673031966,0.23367998976778484
1049,6d24bfe05301d610ed274857,cs14,False,chaos_candidate,7.087886540929989,95.32942646952706
1050,deebe56604315f0415d3eba9,wr,True,cycle,27.842427104308328,95.63569975260505
1051,d730cc5c5b5e441fa2c00a31,cs14,True,chaos_candidate,0.7005178480275532,3.669427416591225
1052,cbea53a0519bbd5a5983b5d3,oregonator,False,cycle,0.35497974667013055,20.73062232529292
1053,80e6306831f56849709a2d23,cs14,True,chaos_candidate,0.37229046996649234,1.8099911164372875
1054,064b8c45bb24b69351de0ad2,cs14,False,chaos_candidate,4.370450769771405,55.23851459534436
1055,6c7b9e196a2af08fa9da5395,wr,True,cycle,0.13338050986921235,4.397200997776944
1056,15eb42355d01dcb07dd8cf2f,oregonator,False,cycle,0.13792118915867094,0.6371679870440553
1057,f76ef59f555777f006f9661b,cs14,False,chaos_candidate,5.562477272742559,33.02442925962005
1058,3e9c5511b4231f1923e2e3a6,oregonator,False,cycle,0.035983148623272884,2.4094082577063896
1059,00d4b0301e0848ac193017c7,cs14,False,chaos_candidate,7.275550761519803,63.95872859599877
1060,0dc10ae4d4684c0df0c0870b,cs14,True,chaos_candidate,1.7963162093157807,10.222414684147717
1061,e79d2762ccde494e55bb544b,wr,True,cycle,2.863543204183264,40.95157906781961
1062,185887a0dd3fdd2f50e9860a,cs14,False,chaos_candidate,2.6985867648265334,12.892189053291965
1063,ecf5198ec19e0ea821cdbdc0,cs14,True,chaos_candidate,0.9014299655233654,4.371946802231888
1064,9b9937c3b16ec90027ce90cb,wr,True,cycle,0.4100843193397187,3.825173983180745
1065,585ce315f588c6684ed18f40,cs14,False,chaos_candidate,5.434090002423402,36.0050804560669
1066,fea26cd232ce77d6dd20ac5e,wr,False,cycle,1.2445739381117031,31.80852510551549
1067,76dcaa45bf549fbcb7bb2ee1,cs14,True,chaos_candidate,0.7878589637445437,5.2119828600828155
1068,32256364a724a57f445dced1,oregonator,False,cycle,0.0997220392737358,5.1298180830775415
1069,ba0ac2a7af2e6319283ea03d,wr,False,cycle,0.2924730624637538,11.257430238091212
1070,ce0551caad0980439a0e29f4,oregonator,True,cycle,0.059653484658116686,2.1155128481673224
1071,c1a8aa86215dc711fcc3180f,wr,True,cycle,80.4069055754217,343.0637848394578
1072,dfdbdda1a2eb273dd5c62d21,wr,True,cycle,77.20995271496653,321.7536277802064
1073,80718e1ce4e7fc499c2eaf47,cs14,False,cycle,89.63149030294663,361.4894866556892
1074,34e7719b09a38598fe76be35,wr,False,chaos_candidate,16.451442687303484,53.019186172631116
1075,bab54a9d16e1b896623037ff,oregonator,True,cycle,0.030728063230251266,0.2092874807568227
1076,75063d946b38165b17dfa7d3,oregonator,False,cycle,0.08355311929829742,3.510625758089138
1077,d321e2d8cd8e2d8a406813ba,cs14,False,chaos_candidate,6.735920060737182,34.01471502302145
1078,fc71beb643e0ce7f8d291504,oregonator,True,cycle,0.6511002014326555,2.218156998436374
1079,97c477cff100ce7fc975cd28,brusselator,True,cycle,42.01551115002558,102.2031169428936
1080,ec3d49ee3a6732f1e04b3e6d,oregonator,False,cycle,0.06176278845954164,0.6681494649222937
1081,fe4a5f083040e17f98e25eb5,cs14,True,chaos_candidate,2.407456818334073,13.696525513988485
1082,b113c4a8f24f228079b7a233,oregonator,True,cycle,0.08000096688450206,2.340244722756781
1083,6f521a12052e1435d12bd5fd,cs14,False,chaos_candidate,0.41487814467864714,1.9999446938962617
1084,034806f8bdea210d2f6bbefa,cs14,False,chaos_candidate,0.9888986760864672,5.526825866517278
1085,223e66c6f6bd62fab955751d,cs14,True,chaos_candidate,14.926077852446586,95.61873048656287
1086,c7e4c795e65aa524a90232f1,wr,False,chaos_candidate,10.17833734771529,36.91854178961359
1087,314d35e864613af765352cd6,cs14,True,cycle,0.18424788153752403,0.5692976459720472
1088,1b7ed6200e681874618bda24,cs14,True,chaos_candidate,0.5104619503578647,3.1351984819063987
1089,ef8e2034091c9272abb5e871,cs14,True,chaos_candidate,4.137744880287061,20.531039162034926
1090,a927a2272d8723f7078ff7ca,brusselator,True,cycle,2.9251804251357623,9.729560586064153
1091,b0ededd214285e9d85473fbd,oregonator,False,cycle,0.20214238625501846,10.829980391316141
1092,b6902bc54eeee6a5815c17c6,wr,True,chaos_candidate,1.3328670685720359,25.366998317136524
1093,d21656af847e97beec48d1b5,wr,True,cycle,67.42279924677163,270.146395576957
1094,9cf7b287a8070bf6776808bc,cs14,False,chaos_candidate,6.043690074055275,57.29685038097855
1095,9b5b872005aad4e5b4cd79d8,cs14,True,chaos_candidate,4.266308926972764,23.54496946386557
1096,8f927529644ab488824027d9,cs14,False,chaos_candidate,14.000300395126803,145.0197737793455
1097,f254289baa42079bab965aa6,oregonator,False,cycle,0.2594664499772222,0.9297030416428381
1098,5380db0ccb0086a6c823345c,wr,True,chaos_candidate,11.827989958184684,58.58331201499022
1099,60ccf459029bd9426cab4304,cs14,False,chaos_candidate,3.2948222937831555,17.222749677224815
1100,2f775b83d655705888869530,cs14,True,chaos_candidate,0.6672884206230544,2.988437208370863
1101,39717086d05ab9118eca11ac,cs14,True,chaos_candidate,1.469589704928963,8.426864949181583
1102,a37dd97d38fd059ae48703d0,oregonator,True,cycle,0.021671150184339256,0.20613251204054706
1103,c10e493a06f69bc23401c799,cs14,False,chaos_candidate,0.44793655208006167,2.150487342031812
1104,de3eb77ed83ad9261e156f9d,cs14,True,chaos_candidate,45.566242761143485,244.0047433496097
1105,e69eb0e9d752c32e6913b7ed,cs14,True,chaos_candidate,1.0704942521821776,5.498447716300532
1106,801dd22569b15027532612de,oregonator,True,cycle,0.09807542032444566,2.033604906833103
1107,e61a86a1e18093840d0e7397,wr,True,cycle,63.39112701116848,222.3641171349775
1108,ffd21c817f5bec5bd721270b,cs14,True,chaos_candidate,4.048230010467643,24.5782391891988
1109,d264aec97e50af54ca7f6dc0,cs14,False,chaos_candidate,5.160445447561039,32.46450238863073
1110,88e04a533c26b752b162ed8e,cs14,False,chaos_candidate,17.599606623721563,115.78292639553221
1111,d687a1f79771249d7cff3741,oregonator,False,cycle,0.24737146252305367,2.625751420155715
1112,754ea55f5f76bb4a2dad3fe5,wr,True,cycle,0.06099307310125464,3.3651157282180892
1113,01e00774d616f388d834a598,cs14,False,chaos_candidate,1.4071331772453077,17.146348483638167
1114,3cb9c3e51c33378c49b24516,cs14,False,chaos_candidate,2.9824616275027993,16.27315290057775
1115,d5e13139ae9ce1ee23c7074e,oregonator,True,cycle,0.268403563978436,1.4686052583597158
1116,5c36038202e810908cdfa7e8,cs14,True,chaos_candidate,13.715512938456529,84.29057540623123
1117,a6adfa8818f0994b0f44ee22,cs14,False,chaos_candidate,0.49312757345881153,3.14640124637409
1118,acfe08e44ad94c79b630195c,oregonator,False,cycle,0.04176999065378985,2.326795421345299
1119,1521fbd1a18d09c1f61bc86e,oregonator,False,cycle,0.068872495758534,5.000455508698727
1120,722cc79908d6d8b486f04324,cs14,False,cycle,66.00004530335131,246.9358407938595
1121,ad315b971345ad03941909f6,oregonator,False,cycle,1.7518729488324476,43.169319925026706
1122,2bd0ff5286d5f6a187fab60e,oregonator,False,cycle,0.08280290102110814,0.4405630033771499
1123,c13e646ab0f491b402564f3a,oregonator,True,cycle,0.023102610334975324,0.10407898432341338
1124,1c20842da73d1bef9a50fb2b,oregonator,False,cycle,0.08855513925644329,3.409597549760011
1125,f4718363c17b721e7cb44781,cs14,True,chaos_candidate,0.8078635888574415,3.750022125139388
1126,79808ed75d0af1e0cac1fb32,cs14,True,chaos_candidate,9.571360544936038,59.50998245957958
1127,74ed4e2a105e6d8158bbbd57,cs14,True,chaos_candidate,0.5835951250777083,2.969712819489765
1128,3c024bbed3d3ff9989124741,cs14,False,chaos_candidate,11.490111651673088,186.35534153509911
1129,f5edc1a70bb1583f977955e7,wr,True,chaos_candidate,10.488846546033976,41.067695396477895
1130,76d6908f96bca10445dd10cf,oregonator,False,cycle,0.08805588227666816,4.126462681294712
1131,1fa1e04560aff903303d880f,cs14,False,chaos_candidate,0.9749892053627076,5.16812260173382
1132,665ae5d25ac6ae2b1db40dbb,cs14,True,chaos_candidate,0.6599108447864787,3.6764588995159273
1133,5a497569d11b5631c23e595a,cs14,True,chaos_candidate,2.4326427922676244,15.913314762790492
1134,edae0db8b592eef5dc3e96a7,oregonator,True,cycle,0.05707620424991813,0.4081860554321089
1135,cfdcbe4adf4ce8adb18eee17,cs14,False,chaos_candidate,19.181394276734984,189.86885063948057
1136,a587b0a5c1a61f66c3c5808d,cs14,True,chaos_candidate,4.191421068216068,21.008478466786844
1137,23fce6eb17b8ec1162e9a1dd,wr,False,cycle,0.23709500996530186,4.036330469798449
1138,9545a0c6598e34e983b98102,oregonator,False,cycle,0.2506209230612018,1.8985591151792707
1139,840fa1fada8c998921fe7630,wr,False,cycle,0.05087840749755601,8.409343436587205
1140,1f0c04b4a7f88bd2e087dd9a,cs14,False,chaos_candidate,8.611352518787157,63.09609687562128
1141,aa85d4383fadda36a55e2c7e,cs14,True,cycle,0.445711732600373,1.4525386348832894
1142,9b9caee0b7ca059aea6da59b,cs14,True,chaos_candidate,1.7278694382270268,9.91099114613243
1143,f941d5bb53ecba16a5edbfd4,oregonator,True,cycle,0.07055233746164498,0.23971482535082128
1144,84086003fa24052e6d9c8227,wr,False,chaos_candidate,10.756235860836943,37.062521655260966
1145,b9d286e715d35968633b62c5,cs14,False,chaos_candidate,14.084824983319285,141.53315510425594
1146,968d15d6df3d3a8f0ad10c13,oregonator,False,cycle,1.1048191651208759,3.602972317260906
1147,d34d8b59ec25995febe33675,cs14,True,cycle,109.98031095530106,613.7757537249744
1148,8cc4f69a2282dd8e31288941,cs14,False,chaos_candidate,15.068569422276072,132.81641549624737
1149,85549be46b781773d198239c,cs14,False,cycle,65.43639863545114,241.36097149906084
1150,5c4ed930239f9a4406bf3ed9,cs14,False,cycle,99.53622644252117,422.2317408937507
1151,89a81e6dcb995d2acb7a4595,cs14,False,chaos_candidate,5.497875064050981,48.31293293506425
1152,26a8617d8677fdb624bfdebb,cs14,False,chaos_candidate,3.815407062366855,21.31903255190225
1153,ee6bda66d31239b753788c9b,oregonator,False,cycle,0.2260989828254745,2.2801179999011514
1154,85f6cf827db646af877c9724,cs14,True,chaos_candidate,0.6369305277964483,3.2980703351393075
1155,fc8fd774b441704c961adde0,cs14,True,chaos_candidate,3.0185118261259913,25.179042020711165
1156,52d0fa852af23f1e903142c0,cs14,True,chaos_candidate,23.635783591253997,148.41164759918166
1157,c410641ad978acc03d55fa32,oregonator,False,cycle,0.10646564104179203,4.279356438937545
1158,f19de7d32c61d24ef04a430d,oregonator,True,cycle,0.0677221930482001,0.21141089337904165
1159,17a423c75bd33ae3b06b8a56,cs14,True,chaos_candidate,11.39008760044545,66.51082858008259
1160,1ea0426e8da0a2e15fb64a10,wr,True,cycle,0.31446633949499403,6.753226086355854
1161,521c0c17a9cff94481e55566,wr,True,cycle,52.874939592281564,216.8769301588579
1162,7b4395f532e9892596878d08,wr,True,chaos_candidate,11.28980468226434,42.496950734274556
1163,e06763e7273b49fead775aa6,oregonator,True,cycle,0.701879816532633,2.324428193432016
1164,547fea13ad1ccc9fa642c526,oregonator,True,cycle,0.026250597183480658,0.22679297065582465
1165,9c1e672c559ade46118c2e0d,wr,False,cycle,63.98181566038277,173.64132780121005
1166,1b6313e7bc555cc321980109,wr,False,cycle,0.1490283650520111,10.24773808287619
1167,81fb718dad73b9c87bdc2913,wr,True,cycle,49.159263826655625,198.26135044479707
1168,562a8bf0976f9dddfe55e0ea,oregonator,False,cycle,0.04482765436214748,3.062135305772684
1169,31ebd84fbecb6b5d07881c45,oregonator,False,cycle,0.10120828123508256,0.6227379778966122
1170,8908330ad6d8a75e71eb0f55,cs14,True,chaos_candidate,2.4424741378359207,16.063307539781537
1171,6cc674afc8294f48636d9018,cs14,True,chaos_candidate,7.6997774674947905,49.38497215860505
1172,7e2004583d87bbd85d9ed9f1,cs14,False,chaos_candidate,30.823268309133677,469.9868986929526
1173,07816bb523c6002a1941a6f4,cs14,False,chaos_candidate,3.3463323184620983,17.618753462400367
1174,660d2a651ebfa0ece2b2620a,cs14,False,chaos_candidate,4.149177063779821,25.41505147513155
1175,1a6fd062d4863a8739fcd380,wr,True,cycle,0.2856971343716086,7.173797385417912
1176,cf92edb831fd1e6df426400e,cs14,False,chaos_candidate,4.680178674783615,45.332626927098545
1177,beb2d487eb7f8912af54cc65,cs14,False,chaos_candidate,22.13343967258883,167.89761970255088
1178,2bf96fc185838cf484fb6221,oregonator,False,cycle,0.2540983470230849,0.7947034641115706
1179,92fa0756d6cdc7026734ba43,cs14,False,chaos_candidate,9.000587431350102,75.73371367946292
1180,7bbb75646f3c7b43ca31e776,cs14,True,chaos_candidate,1.1088766049638417,5.597814864882996
1181,11ccc32d9be5b424906cc39d,wr,False,cycle,66.45705041818081,165.46384778731866
1182,0f702d35b52d4131571c6167,oregonator,True,cycle,0.09403367974911586,0.6795135800198575
1183,4d9938cca226057c892cd1d5,wr,False,chaos_candidate,10.219240704578397,38.702947829881396
1184,1053c27e45851fde97c76471,cs14,True,chaos_candidate,2.4239404121212575,12.651677540534143
1185,459f94efc17ef2982c4f1893,brusselator,False,cycle,4.290447716819722,14.082349213375483
1186,39e1e8f603773beee39fd361,oregonator,True,cycle,0.1380197563840674,2.3375966552364096
1187,cb3f92599f5fa775895ff54c,wr,True,cycle,1.2955120202477453,11.313892764464669
1188,616d4a41aa22e8e0d578e14a,cs14,False,chaos_candidate,10.876488741721879,107.55882762043059
1189,11887b57c99ab592e4ff2b06,cs14,True,chaos_candidate,4.644245444790085,20.200727864511595
1190,d68446c11d6d0a980eb881fc,wr,True,cycle,0.38134798631262196,3.659221985827324
1191,b64c02ffce56e898993da0d9,wr,False,cycle,0.3723485307562813,11.341769297189225
1192,a74fba0368b6c1ba933acea2,wr,False,cycle,0.23249306024925534,17.678669650220787
1193,291e9bf643ffe30399b5487b,cs14,False,chaos_candidate,17.10513650578365,181.0430933661385
1194,409b93ed33a7b5d336e8d99b,cs14,False,chaos_candidate,2.84339273557442,18.239661663474966
1195,43c66d5c95e51a727851c553,cs14,False,chaos_candidate,7.39318042003018,69.24308415441647
1196,76e4a2aa517def8ab5202f8f,cs14,False,chaos_candidate,1.2455229543772712,10.430098748745122
1197,2e64d19f8d4be546698c3a49,cs14,True,chaos_candidate,0.5778141800248044,3.3023880721096206
1198,8ae71a84a45377e4b3f906f0,cs14,True,chaos_candidate,2.2099869401660683,9.650009807154019
1199,b6373d8204e614ffbff659ac,oregonator,True,cycle,0.08399375270482687,0.7161595495120396
1200,cb8eaeb2416ad622da137037,cs14,False,cycle,25.381635680329637,94.24940352721686
1201,874920b531646e36e3c8a47e,cs14,True,chaos_candidate,3.590020490751347,25.782635544671805
1202,43556ae57b1a9d6014597561,cs14,True,chaos_candidate,1.452045508385511,7.621861297132081
1203,99fbf271402ff31eb2ea4564,wr,True,chaos_candidate,2.830142185403791,14.618317337406621
1204,50721f945ed4da1e568425e7,cs14,False,cycle,59.411601655498075,491.4698082869267
1205,073ae5152ca29aff603faf86,oregonator,True,cycle,0.7790428602673038,10.413414018805057
1206,5660d83c022890afccd135a7,cs14,True,chaos_candidate,1.4987691045617861,7.443600513500516
1207,f0851b8e439599eb85e37b54,cs14,True,chaos_candidate,4.560267283952478,23.065237257741998
1208,e08df0e3108a631f6f1093e2,oregonator,False,cycle,0.1330278330310019,0.936231886297074
1209,7411ac7cab2e452ee0f137a2,cs14,False,chaos_candidate,3.299684040514998,18.12821619954312
1210,eecd635bfe202e47d913e113,cs14,False,chaos_candidate,5.297516900852029,42.15016593066546
1211,9506e9064dcdb04665f5570a,wr,True,chaos_candidate,12.361368281103845,56.921326393807924
1212,04ffb24324243f754053e4ff,cs14,False,chaos_candidate,125.40329100999644,804.8703625722532
1213,d1c81664112bf51ae41fea59,wr,True,cycle,1.5153937005285925,12.62929521053789
1214,aa9cb2cec9a1ae05d4912b3c,cs14,False,chaos_candidate,6.893253856653219,34.75448349733237
1215,1af24c5e4c48792552b25955,wr,False,cycle,108.6038273516454,431.45504852435
1216,67e5d1891e6d94f043ea261c,cs14,False,chaos_candidate,10.225397521011377,129.95459570784882
1217,614f9c72e07dee4a91b59ed6,oregonator,True,cycle,0.3894735535833435,3.2310675337061308
1218,bf458af4a8547c0db5b06675,oregonator,True,cycle,4.093343131501716,15.57677445457198
1219,911dfad61b7436f26e5abcfd,wr,False,cycle,1.5099478108222317,28.909271277734234
1220,8d1212aa9a959911b9a9bc2e,cs14,False,chaos_candidate,22.231160300726064,129.22011120335807
1221,8fc8adeb6f984c6d84f6a33f,oregonator,False,cycle,0.03703144624848637,2.041397486575497
1222,0b35c43bbd5e568d9074edd3,oregonator,True,cycle,0.03229204718553835,0.20997734123071002
1223,e308a3745e7afa17b054bd45,wr,False,chaos_candidate,3.933576263153561,36.460174876064734
1224,e8b82b2f741bbf62420fdaec,oregonator,False,cycle,0.23906293686859625,2.9083115696484776
1225,565e12f800b2ad9799300b8a,wr,False,chaos_candidate,11.79331714044508,39.795423338814025
1226,2bb273f2208f4b51f2021997,cs14,True,chaos_candidate,8.913175885460094,60.95709762607845
1227,bc43c64d4cd5ea4c0d096fbe,cs14,True,chaos_candidate,12.089135744014005,68.3340446085208
1228,5954bd567d064c635c413218,wr,False,cycle,2.9759053368636983,83.40087112830976
1229,8e8f182b230c771b411252f3,wr,True,cycle,0.4335105759920599,6.380755287007161
1230,617f71d744a1fc9fe4d1e5b7,cs14,True,chaos_candidate,2.3920567590910697,12.914886584933917
1231,888669af94b5a6eb50b9a52d,wr,False,cycle,0.11346200379958164,5.243195221062166
1232,90fd2cf647d044fbae79686f,cs14,False,chaos_candidate,13.801016015168551,194.95268152281997
1233,d3aeb7063387e6f732ba4d85,wr,True,cycle,0.37875925282786804,4.9884817513096245
1234,898966e78018a1b514dfabb6,cs14,True,cycle,16.185392203849716,58.93744803883446
1235,6a784e3591572f97533bdb6b,cs14,False,chaos_candidate,7.572939224896641,63.21997945508276
1236,86ee2a7a84b63db5788d94c4,oregonator,True,cycle,0.0191708131697727,0.19649230368955498
1237,e73a75742b039b8ed0158c1d,brusselator,True,cycle,2.5729126635365924,6.283111257562449
1238,2943589d6515a40ae9b3766f,wr,False,cycle,0.09078027925653612,17.12317821391612
1239,f5a8a8a31c43714021db1aa5,oregonator,False,cycle,0.09692108941809333,1.0273372341164029
1240,9f21558c0a461b995f3d41bf,cs14,False,chaos_candidate,7.408404535001136,36.230668978431055
1241,91e4d9888e8183298fee92c0,cs14,True,cycle,0.4928713115342288,1.4786339369303694
1242,8a675015b671baa1493313ec,cs14,True,cycle,0.49221824421416294,1.4886132017537452
1243,05cdf1336b59f406cbc870b4,cs14,False,chaos_candidate,6.040002716377283,63.12950989249154
1244,4b4ce98e75be6b523161c389,wr,False,cycle,0.15177161520326365,9.566175251460857
1245,43ef1637edebeeed19a59d76,cs14,False,chaos_candidate,11.5529011905115,121.32443156599703
1246,e4971690fdbfe4bfa7cb44f4,oregonator,True,cycle,0.09736724128553689,2.126186098027441
1247,46037e4d774dfa714caf9fc1,oregonator,False,cycle,3.451034047527079,40.16184728914234
1248,b148a19f13ee6fcf291b874b,cs14,False,chaos_candidate,0.590227011315505,2.8383437175639816
1249,7648647737705e187aba5ce7,wr,False,cycle,3.8104518022113827,77.84256435555262
1250,7eb8869d321f2cb688ca3ab3,cs14,False,cycle,0.1276468540103015,0.38746539025991233
1251,4483460dad292d26182daa2e,cs14,True,chaos_candidate,17.854883484378092,100.03023328068785
1252,3c5ec41a93343840af6c1980,cs14,True,cycle,0.4025381962964162,1.2090343780586505
1253,96c2a7cbddb07bf5d5792e9a,wr,False,cycle,0.08169910406310933,6.829117004306865
1254,c6059fa7091db793ee7169d9,cs14,True,chaos_candidate,1.8068942683017066,9.51807465720794
1255,1e43e9cbaacdb6454e70df32,oregonator,False,cycle,0.5194107907914428,10.648146972630286
1256,67887bf8287a1164421e3bf2,cs14,True,chaos_candidate,2.0934060699891224,9.326675736417073
1257,924cebcb3a5c17c82957d1f6,cs14,True,cycle,0.11941260898294292,0.38456634891586583
1258,23c15f267f1de0262cf4f722,oregonator,False,cycle,0.11580559795258666,0.5313622428262635
1259,6f00a2d76e3048d7e012babb,cs14,True,cycle,0.42915413897122834,1.3399972935020943
1260,d6a621a81f72b23eb911acb7,wr,False,cycle,0.14943738039311838,10.584375634175526
1261,80ba9744280e19964d3f83fd,cs14,False,chaos_candidate,0.8088869030217177,3.7100552411866907
1262,2ac9b21b0acec0579c5ff1e7,wr,True,cycle,0.2595599544420548,4.48693706222357
1263,27bbe6628d9570595c47d77e,wr,False,chaos_candidate,10.5370688836902,38.01149399910721
1264,57d617eefade0d21e24c22f4,cs14,True,chaos_candidate,0.36617336371578607,1.807092352917748
1265,4e9bd74c349e33a8850f25ae,oregonator,True,cycle,0.0339943495138094,1.8709226399656473
1266,4337416fccead13c75fb1802,wr,False,chaos_candidate,9.49633652015326,74.68343287406022
1267,ba1d141f4064edc94d14892b,cs14,True,chaos_candidate,3.715328012689327,27.278709722044557
1268,d8202973179a9aac8855c5e9,cs14,False,chaos_candidate,4.7039929214814835,29.542972264322206
1269,1c905e75a7edc8c2839daab7,oregonator,True,cycle,0.23980099582853354,4.227469460139018
1270,3b87517b79e13b31e792f392,cs14,False,chaos_candidate,64.12831317949107,848.432414372268
1271,2b601d4c9c4ba71efebc9ab9,brusselator,False,cycle,39.81199327160411,107.6959549834213
1272,1926163e0221d1c5a6860a1a,cs14,False,chaos_candidate,6.398417671223786,33.04349216962319
1273,15d883a2dba132555b067d38,wr,False,cycle,0.8968466496741775,17.207410205721654
1274,cd96821ea8b4056117c178ec,cs14,False,chaos_candidate,4.604818830693203,29.120804714875053
1275,30ed810b35cc2282d642c0b5,cs14,True,chaos_candidate,8.901348181831095,60.69299891278491
1276,799553188c8b455270a3fb3a,wr,False,cycle,0.47575164690494776,31.01961602586509
1277,8ae26f988f2fbfcd9c56a98f,wr,False,cycle,0.5632996241611193,32.632287791426364
1278,c722beebf499c8ee04b7fa7b,oregonator,True,cycle,0.04058321187266647,0.1506807524267896
1279,3e0a93ae074850615ba1ca4c,oregonator,False,cycle,0.047717511002599404,1.6608451636535122
1280,5348c4ef91ae59a243204f7e,cs14,False,chaos_candidate,17.94264827866354,96.2571482790567
1281,7580ef07ea90481d0002a4ba,wr,False,chaos_candidate,11.036678766814049,38.96539197043294
1282,5dc482edd10096221c96c703,cs14,True,chaos_candidate,35.185387380072115,247.45158676221214
1283,3ecf26d98e48a6a46a85fe39,wr,False,cycle,1.7891560691328863,51.23279287285896
1284,4410e1f86a99055429dc0c4b,cs14,True,chaos_candidate,1.4573189826139106,8.048141897905625
1285,07ee1933ae87e715d3514f04,wr,True,cycle,1.8308776385272938,26.597751812127434
1286,e07089551b0d430e91c8a97f,oregonator,False,cycle,0.8826338667243818,32.12315943037056
1287,2d65bbd8a6d9a08171f1ac4d,wr,False,cycle,0.1893162422923654,5.086480241044146
1288,65be1ab2e355e773b0862397,cs14,False,chaos_candidate,1.206987852774478,20.917024364538623
1289,6fafeee4258701bf47c2910d,oregonator,False,cycle,1.0112311175454776,3.9252453307208146
1290,205f21a598ec6e04d266e64b,cs14,True,chaos_candidate,8.492481380274544,44.0897314605594
1291,4984e5fac3c06c9354f1b01a,wr,True,chaos_candidate,6.468575038833692,24.01824108071951
1292,236e444fcd0e3c6240465660,cs14,True,chaos_candidate,1.2942013101109338,6.940509211605582
1293,9fe41ea244f2423cdb3cfd8b,wr,True,cycle,42.40585923213413,147.73870119220894
1294,e80e02767d58d6d06643899c,cs14,True,chaos_candidate,1.4214337203532144,6.237937209051385
1295,1c64051a1c4fef4d1dd93965,wr,False,cycle,9.783524162033896,211.7498813144522
1296,1513ac1525b5a577df0654ed,cs14,False,chaos_candidate,23.99612718014334,211.9242977071519
1297,65d1f47ab4397d605da4e2ce,brusselator,True,cycle,2.5319414697281246,7.091236446116349
1298,5c4d0369b1bf5de50137b89c,cs14,True,chaos_candidate,8.97766552992168,52.2304032301602
1299,79685ee00d44b0f73c46b5ce,wr,True,chaos_candidate,11.476987942201209,48.08399900763205
1300,2036b0431e4324d65c9e7063,oregonator,True,cycle,0.8306956716179291,10.172729066193133
1301,f7e1fcd94a6c5d8759e72592,wr,False,cycle,0.05851676906918836,9.708855933207008
1302,f28cbbac848548d4201b46cd,cs14,False,chaos_candidate,16.20521890738115,189.2025992109036
1303,6774012cec24b5513156b641,cs14,True,chaos_candidate,0.4140634208540633,1.9721673483252105
1304,6ac9b8a32f610731e9b909c7,oregonator,True,cycle,0.4882809496374833,5.2304817051208286
1305,daa23a43181be02531204468,oregonator,False,cycle,0.23153156524336665,11.534784073769394
1306,7feaff418484728edc084206,cs14,True,cycle,18.473093883417064,62.550634518122294
1307,619fee8305426be94eb9e0b4,wr,True,cycle,100.17092687238743,368.6363255148094
1308,1acc83e669c8828b8355ba09,oregonator,True,cycle,0.15011296060736076,5.1229520772657615
1309,03a69139186f0176a87926ee,cs14,False,chaos_candidate,12.996019320433241,154.60549505816823
1310,61b00db7ade980227c962d92,wr,True,cycle,1.828772828601229,27.39059531325752
1311,22de6be137e5b5693af4a041,oregonator,False,cycle,1.1294705558717704,3.8854445560829474
1312,39822092054878974da2be96,cs14,False,cycle,44.65986849035205,556.1290033088629
1313,82c1d448ee4036994f217d0f,wr,False,chaos_candidate,11.086000033966867,37.17518508170493
1314,fbe80876cd7384270e6ac989,oregonator,True,cycle,0.15817299500796173,1.0145963706714467
1315,e24714107ec2738c8979bb09,cs14,False,chaos_candidate,0.8513298923388644,4.139115713355808
1316,374484db9a67e411fbc4663b,cs14,False,chaos_candidate,4.331182937149387,64.22538301492874
1317,2ec745c59c9f84bb1ac3a3ad,oregonator,True,cycle,0.15452674077717088,2.197258670631138
1318,7dbd10cff0604b11c39e92e8,oregonator,True,cycle,0.06259194777355943,0.24241245882655835
1319,d4c4c531eb3a7042b5d87f67,oregonator,True,cycle,0.06115860443173225,0.434776612828598
1320,a4e107b92af8f08fe782a327,cs14,True,chaos_candidate,19.991219833905234,146.97909528238134
1321,d40ddf10df53389783918a5b,wr,True,cycle,25.269734092625324,93.23394817047692
1322,f587535d81703f2389b6e2de,wr,True,chaos_candidate,12.487406408362636,47.941555425564424
1323,9a84a342222247556e2182c5,oregonator,True,cycle,0.08781113751182017,0.29649154413468976
1324,7c48c8c1ee2b2d58fc2a1379,oregonator,True,cycle,0.04807282346471129,0.29257148006818123
1325,ff9a8f3d000bbb624a889cbc,cs14,True,chaos_candidate,3.923793560335591,25.635922606446638
1326,0032fc84691082200ec17f22,cs14,False,chaos_candidate,0.7465225534639904,3.7663170885352493
1327,e31bc2652f6ffa85b3a4a3dc,cs14,False,chaos_candidate,7.15027593288373,33.711646915380356
1328,e41aac53b956e5ec2123eb1d,cs14,False,chaos_candidate,16.00489087354114,179.0956851272548
1329,c61d8be80517214bfc991423,cs14,True,chaos_candidate,4.208953431395088,21.382052322124633
1330,e5a450de19cfc1465e085170,wr,False,cycle,0.7431119296369998,20.620743396618717
1331,81ba3533370b4a64cf5eecf9,wr,True,cycle,0.13267973591063842,2.6839639165195517
1332,30bf8fe1fa79ebbb095b51f5,wr,False,chaos_candidate,10.277659210127744,37.00780381217992
1333,6ac6b7a5e61835241839aadc,cs14,False,chaos_candidate,18.278521448575518,152.164588072387
1334,54ed62f99fb8f521f4ae61db,cs14,True,cycle,0.19844926401476473,0.621155645812622
1335,08d1c6ae10d3ab77c8cf972a,cs14,True,chaos_candidate,1.2801775285303307,7.258626675492791
1336,eecd61000c259f66d28bd388,cs14,True,chaos_candidate,4.0221826693135005,18.129458780156753
1337,bafacf760e6b8321ba29694f,cs14,True,chaos_candidate,0.5388180515615241,3.0330145161260647
1338,2623cbace130c9616ba27c64,wr,True,cycle,0.4652691139102835,8.334953211213792
1339,5e71b1225affee7d4993701d,oregonator,False,cycle,0.5124645438333333,11.371283163316008
1340,4b3ee879deaafd52c4fd4094,oregonator,False,cycle,0.05946712099646351,0.7396291221818501
1341,90496890055f79a0550d92e4,oregonator,False,cycle,0.08069843823859787,4.905681936605942
1342,9945456fd3b3893474b2ed62,wr,False,cycle,1.2679406357790526,45.94033664300724
1343,d4ac3ad69f71520acb2ac864,cs14,False,chaos_candidate,11.89430934605949,105.01541189679938
1344,95fe8a5250470f31bc17ca7d,cs14,False,cycle,0.1053380883483412,0.312671662708843
1345,70ef7522603722f94f998e5e,cs14,True,chaos_candidate,0.2239947210595127,1.2162867959688024
1346,8c59c83e09cb0793670929c5,cs14,True,chaos_candidate,1.8845831272124691,8.65762816900242
1347,2018f4dd78b1c937445badc6,cs14,False,chaos_candidate,2.645239118509784,13.508776585130663
1348,a980bc0ac81aa1ec812aa112,brusselator,True,cycle,2.5651631626152573,9.486139254430569
1349,08b0f4345d9f8219870c77dd,cs14,False,chaos_candidate,26.402923655166788,142.00464550928726
1350,eda7c8fdf65a394a2406c198,wr,True,chaos_candidate,10.230252894113834,45.13147411054297
1351,6a6b9eac42c5b17dbd969b32,cs14,True,chaos_candidate,8.310949042276006,44.5681655072828
1352,2e09576a70efaacb96574fb4,wr,True,cycle,1.3464373018853075,12.784376067148047
1353,86d3302ff5e715cc5517711e,cs14,False,chaos_candidate,19.176276430065265,130.19979294188806
1354,f029a1fefd90d300f2e544ed,oregonator,False,cycle,1.7816630538875278,51.532245366435546
1355,15897144cc8477a947472a06,cs14,True,chaos_candidate,15.858036144686382,81.84199443468972
1356,35ad42e010d017f78e62ce68,cs14,True,chaos_candidate,5.55763707672999,44.155309518396045
1357,04debcc5bfe36cc6e1c0e2d5,oregonator,False,cycle,0.0593383509919995,0.6883589886663559
1358,63094b06f0be1417f7a390d7,oregonator,True,cycle,1.6474003763657834,6.059159523577816
1359,97605dcce440b176f1cd387b,wr,False,cycle,2.4263059214827356,70.39919776218892
1360,ae72de2e3a716e183615dc64,cs14,False,chaos_candidate,26.39072894792018,151.4323709966278
1361,2e26300148503ba9d6ff3139,cs14,True,cycle,0.20830146456562443,1.0831488155168625
1362,93c72553a2254d91eb6e50aa,cs14,True,chaos_candidate,25.360270913432633,124.75869186570118
1363,b64e91c26639bb2d510ed4dc,cs14,False,chaos_candidate,4.099692516476124,26.402643622715356
1364,061b007906dbedd5a419da9a,wr,False,cycle,2.005937551013013,43.282322315891356
1365,f842a94a7e852e0214d462ad,oregonator,False,cycle,0.048923860405618254,0.14023429663962766
1366,06fe30ec7cc4dd7ad0b4a107,cs14,True,chaos_candidate,0.9883279085818403,4.727539084460032
1367,2040abfd5297af271b0f99db,cs14,False,cycle,0.2437988860958643,0.8067894508477356
1368,c9779199a7f5b2da61239c32,cs14,True,chaos_candidate,29.21472585964643,146.29204958092967
1369,c6dbccd3958b29ba4d782fb1,cs14,True,chaos_candidate,4.8981287056786575,23.30914191484938
1370,b9c470d8f264484ea198eb09,cs14,True,chaos_candidate,2.420983277397449,13.36308452042296
1371,b82b1f8c588608751111e17c,cs14,False,cycle,74.6845977283545,263.4808739045847
1372,4105e22cb40f67e8816610e2,oregonator,False,cycle,0.053380335992292964,3.1543687177807436
1373,b4b6fbe4d6863fb920de2cb5,cs14,True,chaos_candidate,4.094257301871297,18.868755835273074
1374,e26f79d0c304d649ecacff05,oregonator,True,cycle,0.019977678000698426,0.09494393998224368
1375,b3ee2516c8ac492ee754f4f9,cs14,False,cycle,82.75835346982163,583.0611716732994
1376,b055dab958e6e9425f6a903f,cs14,False,chaos_candidate,0.9384003513296507,5.609414876669139
1377,9c27894721c635f536cb5c17,brusselator,False,cycle,47.088053023306806,109.68898861000254
1378,ecab2e19de4824ef491f2a2e,cs14,True,chaos_candidate,1.2827159230630916,5.697489082517943
1379,225c614254e58cae7987ebc6,wr,False,cycle,1.5470137303301406,27.365136439307232
1380,2436088d32f73d33f410af52,cs14,False,chaos_candidate,15.693614394398132,145.99390785253118
1381,236a9e41d8e750bde7875646,wr,False,cycle,0.6010509243461667,16.34433558882828
1382,b29c8fcf09757908f864047a,brusselator,True,cycle,2.5205081605723705,9.96537783953235
1383,22bb6f0a9275332ab9e75aef,oregonator,False,cycle,0.03603833960531719,1.0040846329739985
1384,7e5e0db4c6ef2739204e147d,cs14,False,chaos_candidate,6.121427307580198,43.27412268602429
1385,68e00552a2469eff47ce0d60,oregonator,True,cycle,0.12651978230182923,2.987570007935846
1386,a66a21a2e6b450a827b68925,cs14,True,chaos_candidate,1.8585675174780891,10.448303573908703
1387,b0905e0527e82f2b4a1aff2c,wr,True,chaos_candidate,10.905132695296697,44.063522762868985
1388,3f21ffac60af0757e1d5a10b,cs14,True,cycle,247.91944163866793,893.8025731001651
1389,b3bc9566fe539e4de08915c2,oregonator,True,cycle,0.0380729299461945,0.31372782490583934
1390,fc047e011c1681ccf8f04f0f,oregonator,False,cycle,0.02002308072485887,0.19702578530598522
1391,31dd1866b5ddb7903570432a,oregonator,False,cycle,0.034812005467318455,0.5529502509471529
1392,d30d3a2577f1a0fdec2a2d52,cs14,True,chaos_candidate,8.764028438348065,51.63079956619054
1393,83a248fc42e35ec751b0e084,oregonator,True,cycle,0.02525297817188816,0.3123783326403104
1394,631a85621c72cccce9cf8e53,wr,True,cycle,56.19895640215377,209.84300182532533
1395,a6c644ba100a3ccdcd0bd7d2,cs14,True,cycle,0.11224808630291118,0.3637756382969114
1396,872be2aacfad142a67cc61a9,oregonator,True,cycle,0.09214109595168211,0.7853280756517503
1397,dffa8b8268350ac2cfd742ca,cs14,True,chaos_candidate,1.6991586737388245,9.526927317809553
1398,d511ec0b95b16cdf5bc05de7,oregonator,True,cycle,0.09671059190340944,0.6935986465459458
1399,44e4aca8ba0cbc72cca0d7d9,oregonator,True,cycle,0.06401370169440276,0.6739793370042607
1400,111619117ef683fc943ee0d0,oregonator,True,cycle,0.05028552536017969,1.0803463884042013
1401,c8a242e10b3c25e5bd2b122c,cs14,False,cycle,84.08516829723557,599.422625431331
1402,8819f5d57839ff4f153d7e46,oregonator,True,cycle,0.04295266138833774,0.14970891072700301
1403,5869325a6482d6aa6fbaa7d0,cs14,True,chaos_candidate,0.8201161072201314,4.427838572769007
1404,70bcde82c7e6d2bef48bf10f,cs14,True,chaos_candidate,2.2888178224855347,12.82855914442437
1405,4a904b25e19f0802eca21a34,cs14,True,chaos_candidate,2.296929598234856,16.018555746094574
1406,e8f79c2871d257d5e3722fae,cs14,True,chaos_candidate,1.5080982339386695,9.532528021369957
1407,583744dba9ac95ff09de5d9a,oregonator,False,cycle,0.0886815547705898,0.5671277469762337
1408,ca9c9c5358f79c972201d30c,oregonator,False,cycle,0.035465498111125565,1.920244066631503
1409,ccf4443b2106d8da8ce7b8b9,oregonator,False,cycle,0.06129229209611993,0.6391574481735897
1410,f8513426ca4eea6e6523ee42,wr,False,chaos_candidate,11.53133524199286,36.65738617565804
1411,68e64d0f78b4f6217dae308d,oregonator,True,cycle,0.039446104429277304,0.9715754660336294
1412,7da82e5c77d328d568cb3805,wr,False,cycle,0.020202492305174714,2.034332272943957
1413,0c883237f2d258b61f259a3e,wr,True,cycle,0.24046908011752063,2.2418178415089147
1414,1a737b6477eeb0267ca20ba1,oregonator,False,cycle,0.3386607332570218,0.9907084882282025
1415,32b793baf6bf8dc1730b22b2,cs14,False,chaos_candidate,6.890365414710139,37.88108658007317
1416,7c4c495640c67aad828cb6ac,oregonator,True,cycle,0.13103190315206914,1.9223225803820647
1417,de41c893ce8856f9aca65b1d,cs14,False,chaos_candidate,6.391002798412141,30.973413151135365
1418,426f874732a42ae086a40d8a,cs14,False,chaos_candidate,3.791386962576746,22.794535155136646
1419,164479c5387d48b73599f663,wr,False,chaos_candidate,10.974071678051418,37.3296581018451
1420,9998ab996f34d9cac7ca260a,cs14,False,chaos_candidate,1.275126733020521,11.443123045875469
1421,1877842e5f9d438417893bfb,cs14,True,chaos_candidate,0.9668657910149732,5.067864774410951
1422,699cc39901d704b451513d5e,cs14,True,chaos_candidate,2.327351293909081,12.624528742543376
1423,fb752f140aed2514d716301f,cs14,True,chaos_candidate,7.493761792142446,48.1044530769311
1424,1130a4f65de7d5165afc2acc,cs14,False,chaos_candidate,2.665789171484307,12.015324601960854
1425,01690a40c211f10ebcb80ada,cs14,False,chaos_candidate,0.2699439486620403,1.4061073556149228
1426,052ed4aa0c82bfdc6f06552a,cs14,False,chaos_candidate,7.235401628617373,39.74066587470538
1427,0dbe5a23aaf1fb0d8ee0070f,cs14,False,chaos_candidate,0.3204215461495846,2.0840868433840347
1428,f1183c399fa11a481113bf07,oregonator,True,cycle,0.397461436153037,6.372011281443896
1429,49ffccff60f2612ea1584273,cs14,True,chaos_candidate,16.135956777538674,69.95424502254372
1430,d62fba7016a1eabb92eeb84e,wr,False,cycle,0.2122022574047092,5.85793762501661
1431,790abde436bddfb2c4a702b9,cs14,False,chaos_candidate,0.3915782633567735,1.9351562157459652
1432,84f3977fad00af5c289498ed,cs14,False,chaos_candidate,18.15191522091533,100.02117960504472
1433,7f0eb394459c4cd82e9731d9,wr,False,cycle,1.4895362816694635,26.897754247343624
1434,c02f36aa0ef1a6e4eeb0432d,cs14,False,chaos_candidate,4.540692812752172,27.705726818066257
1435,02026abdcd59e5f401c79531,oregonator,False,cycle,0.2599664750603694,0.9615794071514912
1436,7aca090f23b936a7625b5e9f,oregonator,False,cycle,1.0037420375657675,3.9211845502033795
1437,ad7f39c29b563af8a92c2c8d,brusselator,False,cycle,0.3114430294978409,9.562809952602024
1438,9764321e41a2dd8439a71139,oregonator,True,cycle,0.09099896258704661,1.926997209376081
1439,cf748c8f9d3598736b0936d3,oregonator,False,cycle,0.23027151651349606,11.668380130098216
1440,0cfb0900a94950296b9ac428,cs14,True,chaos_candidate,2.4727219308589743,16.370290656354076
1441,2488e29765ba38a1cbf51e20,cs14,True,chaos_candidate,12.206940368275827,98.19548453192074
1442,9ccf5dd1cd7f449576463fb7,cs14,True,chaos_candidate,3.9729286398842034,30.40825445759994
1443,c0e485accef4e3394e9c4793,cs14,True,chaos_candidate,11.563661098694158,77.10104556118782
1444,4a8811cf3cab6092f7a1031c,oregonator,True,cycle,0.08962984701161529,0.6931280768030976
1445,f8932f68b889a03b3494fe4f,cs14,True,chaos_candidate,16.564367877412458,86.94464745061731
1446,4f2a5defec69892936582db2,cs14,True,chaos_candidate,31.015577443716257,184.2538188691016
1447,b3e0c5f18d09be02431c182b,brusselator,False,cycle,7.527468251743188,14.200116408378292
1448,163fb271df25299c929864f5,cs14,True,chaos_candidate,44.729457600958156,223.86223973231213
1449,8a26b8f786cb36d2c849034b,wr,False,cycle,1.650854226946029,41.915440143288414
1450,6341bb1ddc0d73fe2191a7b2,brusselator,True,cycle,2.873941572356414,8.6559387248488
1451,da98e3f37ed6a9ea989575f0,cs14,True,chaos_candidate,0.986443859443468,5.203139853397411
1452,ec1c8d15b0c3348be2a9f140,oregonator,False,cycle,0.10770669257681761,0.4944179527727134
1453,63869a2f0e58d7a3a2c9091a,oregonator,False,cycle,0.21535786133115825,8.111790814960763
1454,b0ab1ace9132b0da028c9302,brusselator,False,cycle,47.3355835967363,118.63407008808869
1455,00e2289fa5c1e1624e4d7c66,cs14,True,chaos_candidate,30.721421966978355,162.79177252392452
1456,241610370a6f71069eb545e9,cs14,True,chaos_candidate,3.3615110643096107,25.60719362684176
1457,30d6727f1f5edbc5d5abb9c7,wr,True,cycle,0.5185573966449954,2.950252391381886
1458,981e19b96ff29693d95caf20,cs14,False,chaos_candidate,13.656229935550101,122.77320915148681
1459,dd5391eeef6446d265eab500,cs14,False,chaos_candidate,1.237012613058159,12.46194268628941
1460,44d2cd121c4642c7d3f96afb,oregonator,False,cycle,1.0029798198647946,3.6278029093588766
1461,5ea985486338fd2c52cbac0d,cs14,False,chaos_candidate,0.7073950207256006,3.4734732873148837
1462,edc99438cca7e3410a8bbf58,oregonator,True,cycle,0.08806246958423658,0.6423406320652125
1463,eacc6b2d1dd85a7d0e009058,cs14,False,chaos_candidate,0.8390039518977586,8.073877847691737
1464,299a8a9d67f080fe11f4dc29,oregonator,True,cycle,0.06887203516010289,0.24991054153848827
1465,d456835e585c393c3ec8472b,cs14,False,chaos_candidate,14.56516581853194,143.53571951951722
1466,44b57673541d007ff71cdcac,wr,True,cycle,0.2365633048100761,3.2834308802732304
1467,a07690abb55df4578b03b4d9,cs14,True,chaos_candidate,1.1717617884246025,5.775325646336367
1468,59495a60cb31f45209fa4404,cs14,True,chaos_candidate,9.56021971810896,47.17464477852882
1469,2215145bb6fb93e01f42e4bd,cs14,False,chaos_candidate,3.6219274290169285,20.66180060117502
1470,85655e22ec2f0f287d5b179b,wr,False,cycle,66.61720111654607,229.02740795830343
1471,d09aa901b724564b40f912c1,cs14,True,chaos_candidate,6.27259804489354,41.74560581398584
1472,0911117ef0c9d1301a27a652,cs14,True,chaos_candidate,1.5139299025047206,8.054066249099419
1473,449e0979e77c03f63024b8a8,cs14,True,chaos_candidate,4.2812728454559705,18.32787798838439
1474,ee29ee4cfdb377156205312d,cs14,False,chaos_candidate,19.785637830734995,168.3645122505534
1475,200fdee1dca906d4cde29f5a,oregonator,False,cycle,0.016019419699517107,0.22035152880134343
1476,a2a841a625ac819bff11e1b6,cs14,False,chaos_candidate,2.640413779102439,13.533266431812564
1477,00e8f55e01dbd69d39c90eb2,cs14,False,chaos_candidate,5.396858313170345,25.487130235957025
1478,6f7db7bc17cc859fe32b4247,oregonator,True,cycle,0.023932462876581045,0.18993654143933011
1479,c87e5f59a2e0936e56f64abd,wr,False,cycle,0.11175100137102793,6.338351905284403
1480,2085e20586a5f69a93fa4579,oregonator,True,cycle,0.06588549234599263,0.6575917414895565
1481,eff494ca2ed5574aed627f47,oregonator,True,cycle,0.278704845624487,6.886943488911329
1482,c5ef65de2f0af24b664f915f,oregonator,False,cycle,0.03318721697225153,0.9561352335998624
1483,3d9083d823f96791314b7ac0,cs14,False,chaos_candidate,9.686765942303477,88.31377333021372
1484,e83d1844e31d0f718212af48,oregonator,True,cycle,0.051929532700233,0.40759311153463357
1485,8cd887216bf7c557cfb51b77,cs14,False,chaos_candidate,0.8010061773354921,7.25420127401521
1486,5627479d775a7feb2353f6eb,oregonator,False,cycle,1.051892950219259,16.998673203142626
1487,71f503e057b35bd49ac7958a,oregonator,False,cycle,0.312740419952179,18.806420386598127
1488,0bb2be68e2c7dbe9d0096361,cs14,False,cycle,38.657074635765,264.27946463104104
1489,4fd5f1b34f79e7b04ce602ad,oregonator,True,cycle,0.09065066549295253,0.37013172738534983
1490,a0bc894e2843c46fece5e343,cs14,False,chaos_candidate,0.4829682510281969,2.7640331943466037
1491,dd46b3927de7af6b6f4382d2,wr,False,cycle,0.057098888886574536,2.461030190272989
1492,b215423c5f48966f01bfe5e9,oregonator,False,cycle,0.08674599798259186,0.5976318351987796
1493,bee6eec76409b1aba21b9617,cs14,False,cycle,160.95816189994787,659.4774979350277
1494,e725d2c8d9ca5b3700a54f48,cs14,False,chaos_candidate,4.930511274093958,35.37099338016762
1495,f3b09778d3f22db1cc093734,cs14,True,cycle,0.18335742730044363,0.5927142303479607
1496,fb5021f842e5df3dcee2f941,cs14,True,chaos_candidate,2.5087992825380168,17.584791551727644
1497,f2bdc730b357d4f572edcce4,oregonator,True,cycle,0.10392741822699564,1.1230186980840906
1498,a84b64be1b9c361b2d405073,cs14,False,chaos_candidate,18.50061650876411,156.66215412256167
1499,bbf394a5e2e252ffc43ed188,oregonator,True,cycle,0.05914520018463144,0.3557427249796531
1500,9dd5f89e1d473b55a4f986be,oregonator,True,cycle,0.05895539078347631,0.5934086402261554
1501,94be75229650c383961c7098,cs14,True,chaos_candidate,1.8388321998438997,9.583117617981426
1502,04ecf44cf712ab53c5497101,oregonator,True,cycle,0.06192452287804434,1.7376652315059171
1503,b7fdc4bb51fc4b936fa9f377,oregonator,True,cycle,0.024964049145474357,0.16051825679162296
1504,7fe111aa9076d82aa41d5f92,oregonator,False,cycle,0.0339424736151458,0.12934932447980968
1505,6b1a506961a7b8caf993b482,cs14,False,chaos_candidate,3.5294837472625677,34.69018452383673
1506,c0ed126657ad273a9445e556,cs14,True,chaos_candidate,7.821644124479532,48.16557564521989
1507,cf8fc74c15d5afdfb43ccf5d,wr,False,chaos_candidate,12.05766435869952,38.536894339303565
1508,bde024aa34a233469634a284,oregonator,True,cycle,0.019351756734540895,0.1932939717872104
1509,a45d5cfcf6bef07a293c7729,cs14,True,chaos_candidate,5.140712706705844,24.397231843392294
1510,ce1cb6b4ee2df17bfe29e5d9,oregonator,True,cycle,0.0654266658781033,0.7450933346283314
1511,1676930818408ac6034349c1,wr,False,cycle,44.61945683967242,323.2186853593756
1512,a9bf355175640347e761c107,brusselator,False,cycle,2.7271914002158875,5.892594975918872
1513,251edb1fb97f6d762111aac3,oregonator,False,cycle,0.251150034850627,2.6879466343549883
1514,a0ae3762edd07b581118e64a,wr,False,cycle,1.4084099675510378,69.57915206808391
1515,5a87f6cd14461633a8ab7de0,wr,True,chaos_candidate,6.447522147308163,25.079176478456976
1516,ea5c266db9a0d185f440d196,cs14,False,chaos_candidate,8.471710151927246,78.66018476927279
1517,fb8f976bd43f1e72f10653c5,cs14,True,chaos_candidate,19.68630608751292,166.02609429276058
1518,bde97f38b97f3a4dcf840e21,cs14,True,chaos_candidate,2.318453463336124,12.007112462567415
1519,3ce3b17d1d7bec4efaf01148,cs14,False,chaos_candidate,3.659376817601156,19.598467915451902
1520,dcd76891a8fa5b6498bd3506,oregonator,False,cycle,1.0220218442064049,16.840981625788842
1521,98646027167b4575a214512c,oregonator,False,cycle,0.03833874538465697,0.7732996007424987
1522,08bb15a0558d32bd7b3c803b,oregonator,True,cycle,0.03533892739602219,0.335362598457908
1523,4637879cde7c5e74de88cd43,oregonator,False,cycle,0.24925144275827796,2.541861948153044
1524,cef154d03ff1a0c19590388a,cs14,True,chaos_candidate,0.7771673381181724,6.53647791987762
1525,7bc6dee96946f1548e7b6051,cs14,True,cycle,0.10383999231653232,0.34245318450936985
1526,7cca5eabd975b805be31fc22,wr,True,chaos_candidate,6.861948345275958,24.253203879452986
1527,2e8d45eb1f5c18f90b7dedef,oregonator,True,cycle,0.3506989385434023,1.9177764287628283
1528,77184ce5bb9172fc52a4ac14,oregonator,False,cycle,0.024248967787004156,0.34682935599881826
1529,cea7c3a274bb056fffff1628,wr,False,cycle,4.1904420716914395,67.383980318136
1530,18fc7434153330641c0b0131,oregonator,True,cycle,0.540283033281971,4.516512851290481
1531,df1f349b9de7d46adfae7242,cs14,False,cycle,0.12298956894420965,0.39518570137883424
1532,e9332ba67a95366bdb02a780,oregonator,True,cycle,0.06892667766346335,0.3306899296172875
1533,a785dedfb3a7efadc7f77158,oregonator,False,cycle,0.023846371961774842,0.37382858857792095
1534,0f87f142c33cac48673ac15a,oregonator,False,cycle,0.024451892146884934,0.44766644050348964
1535,592605f8b5093cd9839622c6,wr,False,cycle,0.7017131699654193,18.251504007487423
1536,52854c6bfd4f69a93d41a3aa,cs14,False,chaos_candidate,1.5033201092367725,12.99003060782441
1537,6fcdd26e595d4ee5d94d3b16,oregonator,True,cycle,0.04716788176939934,0.3262671436885957
1538,0a1b8ab394325ea03185edea,oregonator,False,cycle,0.15066715115009635,0.8004911976383347
1539,72ef2c2bbb5ccc82eed5054e,cs14,False,chaos_candidate,1.1795423136791974,11.539835106342288
1540,33a99aa303ebeffd2615c28e,oregonator,False,cycle,0.20474837525965733,6.455481735832681
1541,dbf2080b6844f73c0a42b842,cs14,True,chaos_candidate,43.582756429601645,258.2226656485547
1542,392305e634bd848ab5e24a01,cs14,False,chaos_candidate,0.4415975781794819,1.954249177296652
1543,1b675c470a954751539db776,cs14,True,chaos_candidate,1.575711482239689,11.235960668252433
1544,7a545b4144ccaa4edb3ff73b,oregonator,False,cycle,1.021094644103995,3.5808109356060935
1545,3b551175c83482b14e327eec,wr,False,chaos_candidate,11.201932084992388,37.82899812180788
1546,5ebff8b90115ba81d978a5bb,cs14,False,chaos_candidate,7.589409149751972,70.88557881416419
1547,177656cf3209f6228f607bcd,cs14,True,chaos_candidate,1.3639676599738442,6.991760283282833
1548,f316aa674881b9f0d41aa44c,oregonator,False,cycle,1.1968904135377814,18.02080977705827
1549,2d9cc9fd7b0a979dbb4b8976,oregonator,True,cycle,0.3934477198981324,6.143160221756017
1550,4768795d80920fea95477c11,wr,True,cycle,40.26212706937734,142.26726882204358
1551,3bcd7f7a8e60491623f36743,cs14,True,chaos_candidate,6.039598180290322,41.156863954471426
1552,aad784e914f28985516952f9,cs14,True,chaos_candidate,3.547779955206395,25.617423652944392
1553,df93780b594388f708eeb09a,cs14,False,cycle,0.21902172245297566,0.7042237673589984
1554,641b7f45c657edfd69ed2f20,cs14,False,cycle,63.280870801843264,232.40996930086658
1555,db942b1533d8285fabee9972,cs14,True,chaos_candidate,38.81638958195647,283.64442731883906
1556,fa9042a4c2b3459b41c918dc,oregonator,False,cycle,0.2245486256614519,1.832329100736338
1557,936bc2290bacabf09a06b2ba,oregonator,False,cycle,0.03112426527030682,0.4210142040124567
1558,5704c3ed7dfc507124fdaf07,cs14,True,chaos_candidate,0.30909289401558987,1.5905976212110897
1559,fa3801b27a547af67b9f659c,cs14,True,chaos_candidate,8.995907383568266,44.32886485765493
1560,c9b510f4230b60068fc91b0b,cs14,True,chaos_candidate,3.85612423331197,25.23155772139319
1561,bbbe99fa0266ed64bfb1bfc5,oregonator,False,cycle,0.15045818864205918,7.386484376276746
1562,f50112a5c434ddfc71d23b9f,cs14,False,cycle,54.8804698061065,711.3668117291107
1563,50a0010027cf1feaae538882,cs14,True,chaos_candidate,4.146573359787795,19.699046329197632
1564,79f85db33757c5f42362e5e3,wr,False,chaos_candidate,11.987869974858079,37.725604022883
1565,c83c3e79468f61d2685e18ff,cs14,True,chaos_candidate,13.328765285345392,95.61109151125805
1566,ce5cc215582d1bfdbed5090f,cs14,True,chaos_candidate,1.1699038618119122,6.509023614675414
1567,735dd1dd4295ee59bc40592b,cs14,False,chaos_candidate,0.8132350192442848,4.115178421294451
1568,a896b41eb5a30d7dd2e8b5a0,cs14,True,chaos_candidate,6.269669776273553,41.043263222589765
1569,f0215c5a5203962816a1dc32,cs14,False,chaos_candidate,41.79150304244794,467.49039884331995
1570,ecff6caa2d4df25291afafbd,wr,False,cycle,0.9130066812957887,46.74593775304421
1571,e1673ba8435d369cac461761,cs14,True,chaos_candidate,1.561142270885725,10.032360606309366
1572,8ea6056a272e70870a567b7b,wr,True,chaos_candidate,2.311411136978095,18.879952708037084
1573,66e265beee3b2a09eda50798,wr,False,cycle,0.9839902972475164,29.682337264196562
1574,5dd7099370ec64dd9b812ea9,wr,True,chaos_candidate,11.166573465952101,48.068810439929784
1575,47dddf11f63f826545b250e4,cs14,True,chaos_candidate,3.641724306130925,26.919034069303525
1576,fbec1ee267685bb6c60da4b2,brusselator,True,cycle,2.62255774572091,7.586145948850743
1577,0a8e9aa022fbde2baadfb2a9,cs14,True,chaos_candidate,1.99885253134164,8.262808925225182
1578,f46fa1945473cf185f1a703c,oregonator,True,cycle,0.5318608012590386,4.390939398420602
1579,307e4de873d0ec188d6b8171,cs14,True,cycle,0.1607307780119865,0.5528925833342809
1580,b37e4baa07f400b5bb93f26e,cs14,True,chaos_candidate,11.441515943533021,73.57535632400099
1581,ea3861787bb0f9c488c0a0a5,cs14,False,chaos_candidate,1.6267322142428964,5.82698461109877
1582,f2f4ba0f9d4dbd52cbb3928f,oregonator,True,cycle,0.03346190133700921,0.3600790513343184
1583,c225ff4189e113dfc6973997,cs14,True,chaos_candidate,4.048096781028785,20.1559634249903
1584,2df0d9917cca2d8983727397,oregonator,True,cycle,0.09012941690031763,0.7431969472884522
1585,1703b2a6cc729ea6a65d5d73,cs14,True,cycle,0.4436714182657216,1.46529789412661
1586,b5e359578017a4fdc7492cb4,cs14,False,chaos_candidate,0.7434902992938258,3.092574173935113
1587,875598de3963b0bd26e32456,wr,False,chaos_candidate,12.169140315930475,39.118762118826545
1588,3299f7416c88189a27978b9e,cs14,False,chaos_candidate,0.9882203660077875,5.133674528302907
1589,878af7f21c2a5cb0caa97d4d,wr,True,cycle,26.557821867972333,86.44214401396538
1590,271efa0805be7f0b234081c1,wr,True,cycle,0.21322781420162829,6.8940541200042
1591,1bb6cb236ca0ed7701690279,cs14,True,cycle,0.11983404006028688,0.36469242634439797
1592,c7ef9b3ab2f53143b677f51d,oregonator,True,cycle,0.03118577358825668,0.7005836806466238
1593,028f4ba9309334fde6481ad2,cs14,True,chaos_candidate,9.17009610491366,61.536716770532884
1594,f4d96418f3913f426c5d546b,oregonator,False,cycle,1.133276638876282,3.7768953205573563
1595,93d485719b3afa6b79cbc522,cs14,True,chaos_candidate,12.18194736504303,63.862555144818856
1596,87f491e503e7dcb874f8ce26,oregonator,False,cycle,0.03247417914912659,1.0567186387658856
1597,99b0859f42b2dba2f8ae1a64,oregonator,False,cycle,0.18662961679468235,10.855084182611183
1598,1f2d1595f9d67b7bcf8427e6,cs14,False,cycle,3.41812585829068,71.3114265656386
1599,57916adbb54a48ff9efd7048,cs14,False,chaos_candidate,7.2090833489437465,38.817487571000534
1600,a595063ca9a92113d8771a5a,cs14,False,chaos_candidate,8.451321540216428,70.51239296857874
1601,f89ce65b39b592a4d30ba98d,cs14,True,chaos_candidate,2.508775653955321,17.07574190318944
1602,b47cf6921a949c64b2e3bed0,cs14,True,cycle,0.16996094956941282,0.5500794332021458
1603,24f575eda49abc95c0442b6f,cs14,True,chaos_candidate,8.356725275925406,42.20209457338627
1604,8bce1cd82501171c58b8454c,oregonator,True,cycle,0.0375080027503354,0.16851523704863977
1605,f31425415596a437edb9fe98,wr,True,chaos_candidate,10.966831218221362,41.02780007239198
1606,b854e513ada6b00c63be169e,oregonator,False,cycle,0.08589703384463043,3.1224403068493873
1607,3db8c4716330e87adfcc5f21,cs14,False,chaos_candidate,15.889987802615515,98.1820573006549
1608,2912f3a5580429bf5d60de43,oregonator,False,cycle,0.05502818457143766,0.6355097596256875
1609,1b1ce23fb1fb0283ba5c2976,oregonator,True,cycle,0.05552998181593379,0.33153783370111267
1610,724ac0fbc2f2cff170f5c9de,cs14,False,chaos_candidate,4.99719244646718,29.768990654665853
1611,81b1219aa6ae04d617b8d3e2,cs14,True,chaos_candidate,8.425780138799283,40.340527619722195
1612,f87a56c61336808977193e95,oregonator,True,cycle,0.03155809734024085,0.9722402993702248
1613,2a91dedaed68205b2c3d63de,oregonator,False,cycle,0.13683817907574397,0.5995266706471247
1614,8d17e349f67ff63af2c70790,cs14,False,chaos_candidate,0.4285511836702051,2.411931168373132
1615,ca49cb76e00cdddd9cc5a2dd,oregonator,True,cycle,0.05721263922810691,1.4187796034437568
1616,fed32db835a8f232168c35f4,cs14,False,chaos_candidate,0.5537446844517113,2.9283106409454382
1617,05e943225412d64e4a34263e,cs14,True,chaos_candidate,11.581610194327531,71.95875900402795
1618,b2e6ee9d655e90dfe7ad5026,oregonator,False,cycle,0.03346253600253077,1.6133899552160402
1619,c42b58c87457b32d4908066e,wr,False,cycle,3.5134649504589603,66.7654362199968
1620,666e900349d602f3065ab9e3,cs14,True,cycle,0.16078040546841763,0.5267876003479455
1621,79228443fb8a5ad9dbb0b6b8,wr,False,cycle,0.05861838696159516,12.068757009060487
1622,c3b4bf30bbf3695c54050578,cs14,False,cycle,0.1294768675281741,0.39557238393308297
1623,1fc5b4cab85a4caea4f03cba,wr,False,cycle,1.3522935223768167,36.31809812556479
1624,f1c2481a68910e7825a74909,cs14,False,chaos_candidate,6.60444714432312,36.72354654151604
1625,d29c211689a67be9ad0c6c90,oregonator,True,cycle,0.06210187032961002,1.3899400323569935
1626,9c7ba94ca9e050bdbc2011cf,oregonator,False,cycle,0.08926299725036634,0.5618903696689616
1627,0aa9452ec3bdac4286c17ecb,wr,False,chaos_candidate,12.2631349105219,38.29723263455703
1628,39abf51662c3c4cecdb9944f,oregonator,True,cycle,0.09942981535860311,0.6861951992851992
1629,fec9060bc26aff4aa905566d,cs14,False,chaos_candidate,4.611447855894433,26.337782827950516
1630,ab09974ba13641820d3a8489,cs14,True,chaos_candidate,0.997513283235538,5.06289367718696
1631,0d49ebcdcf33f9602797d621,cs14,False,cycle,4.074842978233921,15.120660613877307
1632,98c0b02f88de50a0a7f1e995,cs14,False,chaos_candidate,7.28932997740613,28.60361973595594
1633,684a34294cc3c13ce137731e,cs14,False,chaos_candidate,2.7991761384146816,13.967824039918767
1634,1762251ebf7e6129d4ca021c,cs14,False,chaos_candidate,16.889867978742004,294.0485291086146
1635,0d9e64ee98c4503c3f82538e,oregonator,True,cycle,0.09642721905655452,0.36888646663046637
1636,303434ddd40dfd7e38ba0a1c,wr,True,chaos_candidate,3.5429977403388326,25.76302075128702
1637,1755a4402ca363fa1dc981e8,cs14,False,chaos_candidate,0.77230281432194,5.13218416590741
1638,5341cc721cc21a1b456cd01d,cs14,True,chaos_candidate,0.5779983250170179,3.9171114602413453
1639,8c1894df969361053203bc6b,cs14,False,chaos_candidate,7.636370388846592,72.47812893736398
1640,de9e46dee6e24587f4499f51,oregonator,True,cycle,0.03213016742814794,0.38897131715687755
1641,6c8b5c7f326a8d541a9b8d8a,brusselator,False,cycle,3.9983831432324943,9.980522454388442
1642,33549c9fe3f527aca235af74,cs14,False,chaos_candidate,7.042403469517403,34.44811715188654
1643,50e3805a3d3c9308a8ac3627,cs14,True,chaos_candidate,1.4208910691659529,10.246542564006173
1644,0dfc09c93fd6972f85682c36,oregonator,False,cycle,0.1946359265586666,15.73439424168625
1645,3bd02bc3b6e6e0ea8ee7f3e1,cs14,True,chaos_candidate,0.3331649605962671,1.7073248346362915
1646,7f54eebfc720e9c38103cbf0,wr,True,cycle,0.1134694342710323,2.7658945213751522
1647,7182d43fa8100d45dcc596fa,oregonator,True,cycle,0.04432368319471502,1.0300305706840918
1648,8874cb681fc6b4d1ff70986f,wr,True,chaos_candidate,36.0917959216493,180.43328137445633
1649,25a8e0bcc96795e0fc30f759,oregonator,False,cycle,0.19201236744457575,9.439364615125378
1650,556f2634c6fcfb7006a9f4d3,oregonator,True,cycle,0.04583952443454212,0.4754146035064265
1651,701839e09cf84f46cc1ca33d,oregonator,False,cycle,0.039483408887459034,0.4623371381388258
1652,ea56510eb4e68a7288c537d9,cs14,False,chaos_candidate,4.341458117563085,30.337444891594867
1653,f3cecc96176ba4c9330531ad,oregonator,False,cycle,0.16204586748726008,8.883366035598069
1654,2f234701f5d8b6111e6b129a,cs14,False,chaos_candidate,9.87256371313393,101.19785771914682
1655,2e860c10dae7de5a09b8a1f5,cs14,True,cycle,35.6981670973187,293.0274160581465
1656,74d2b98d0b4cce5006a3fa28,wr,True,cycle,0.36379649414666854,8.264296181553686
1657,714d950a25b060ae99abcac7,oregonator,True,cycle,0.7915376747163537,10.857155006351917
1658,9207286d6dbd8549e1bf325e,cs14,True,chaos_candidate,2.218529524449379,16.44478461449205
1659,7410422f105761aca2338f07,oregonator,True,cycle,0.08752610282059473,1.9558686619306156
1660,6bd9226fc586dd36bbc572fd,cs14,False,chaos_candidate,2.9205109787556705,16.448555074850276
1661,c63c6a7dca0ad2b6ba2e84e6,cs14,False,chaos_candidate,11.070077409579305,138.53553282727856
1662,38cb41eed84222704915719f,cs14,True,chaos_candidate,1.806711641777078,8.933204013554889
1663,93c5ff460f3f9f2ebf422d36,cs14,True,chaos_candidate,0.9750285877289461,5.455003755042028
1664,e6375d909f3ad753f6932820,wr,False,cycle,0.0456021657049946,5.873278988487487
1665,09072ae6e8ffadeb079827ae,wr,False,chaos_candidate,17.97566752323971,56.81812218225187
1666,f0a7e30bf7e175327bd17e21,cs14,False,cycle,0.21381722650122917,0.87947347276804
1667,855df63eb8e2b97ab2303ea5,wr,True,chaos_candidate,9.356498756714517,157.28024324162536
1668,628d4a66cc2bbe73c1fecdc1,cs14,True,chaos_candidate,0.34870279127162823,2.143686786960393
1669,6b0f126d63107d255432a91a,cs14,False,chaos_candidate,16.904502413222428,126.17733314511946
1670,2b33bad6a1d330edb7c86ba7,cs14,True,chaos_candidate,2.4413846937343915,13.145080555479664
1671,94ae37a65233be324f89936f,wr,False,cycle,0.5811165235161367,41.89012004181424
1672,ab41c0befb74764c22ae39cf,wr,False,cycle,4.271302518753288,72.07990496762199
1673,143a45a34b7be2a5cd6fc89c,cs14,True,chaos_candidate,4.291778867990929,22.040877502157844
1674,dd64cbcc14952c1385e76150,cs14,True,chaos_candidate,0.19442886970950538,0.9002929205680088
1675,1213c09eb08e3ed1bdf777ea,oregonator,True,cycle,0.06854673694790313,0.24327966871887538
1676,4fc6db9210ef62cd2812254f,cs14,False,chaos_candidate,13.334205703358183,115.27762690505614
1677,29795f768fd11529303bac3b,cs14,False,chaos_candidate,1.2378567074976634,11.091701993384797
1678,bcbd4d547fd0764b6f17793f,oregonator,False,cycle,0.2347594294372001,2.069479934140179
1679,f15f015c2deba1cefe4dbc7f,cs14,False,chaos_candidate,6.537144877624431,34.892528503627425
1680,c78af5ea2462d52ba3a21c31,oregonator,False,cycle,0.16231498614819206,10.896707572584143
1681,ec3374dc88a478be1bbe279f,wr,False,cycle,0.2600160274578353,29.679458635413255
1682,cbac4954121cf2d037d23206,cs14,True,chaos_candidate,17.210358195992306,93.12214693702522
1683,18f9c851b5afcb780d0b06ce,oregonator,False,cycle,0.3914405492353518,18.85097987840101
1684,f921967f864070b3834ccef6,cs14,False,chaos_candidate,1.2538814410985524,10.532505007016598
1685,5768e8f1c6d804c43e2e47cd,cs14,False,chaos_candidate,36.6033285210593,359.0884204870617
1686,cbce3540502e79b8f3a6cdfd,cs14,False,chaos_candidate,0.6675480341635855,4.762211593072009
1687,74c2a67342a23e25265e75b3,cs14,False,chaos_candidate,65.56770199388123,877.9271297658464
1688,882f0f09c534c29101ca0391,wr,False,cycle,1.5219483606831925,29.197127256090788
1689,5ac19b582fff71e5b93c35ee,oregonator,False,cycle,0.0907583987647814,1.396556759184734
1690,2c7179940e5fdfa3b3479d66,cs14,False,chaos_candidate,2.9778391199996004,40.12297581602468
1691,e38cfff6cbb0f677ff4aaf69,oregonator,False,cycle,0.30289468898699556,0.956718904533246
1692,eff7dbc5718e6f7ffa5cd549,oregonator,True,cycle,0.27756396071378253,7.4427831590043425
1693,0a8bcff2ef856d45915c41a4,cs14,False,chaos_candidate,3.4238756230841005,18.46426263118901
1694,9599d2c7abe514f5385f49b0,wr,False,cycle,0.5585464742621329,16.649678185286266
1695,1feb3384178a55f5b6456e46,cs14,False,chaos_candidate,14.909021075671568,139.16208735991447
1696,f793e3e71a4b7f1ef2f5f25b,brusselator,False,cycle,2.62030577729466,6.038489490106572
1697,002b292196e46fe46f8c2e7e,oregonator,True,cycle,0.3353682301195832,3.2740123663099467
1698,40b131846f4abeb4f6e92611,cs14,True,chaos_candidate,2.0051942486019367,9.385181800991909
1699,538d436e55c624e076783622,cs14,True,chaos_candidate,4.521535011406993,22.928898008333658
1700,c55ab8f67bf03bc45c558ad7,cs14,False,chaos_candidate,4.411932398512616,31.999287760847754
1701,4e2719e86a45f360571e5948,cs14,True,cycle,0.1668860579143338,0.5548071817891598
1702,4772b1ae8fa13891f77d7b8d,oregonator,True,cycle,0.05492428342284438,0.38049338399685945
1703,b6310a97e0ff347ac6e1e084,cs14,False,chaos_candidate,32.309786274777586,433.9315612509786
1704,f80c29529c00b70f0fd2af2d,cs14,True,chaos_candidate,4.205863224678719,21.45125444790465
1705,d53c2faf8f170e9df7b5c26a,wr,True,cycle,0.3246184116031353,3.8501875831812993
1706,b4eb0d24ab372d0f1af4c7cf,oregonator,True,cycle,0.07885069396705097,1.6387807726774344
1707,6bdbe0e1324034de077efe51,cs14,True,chaos_candidate,1.5615516449060627,8.702508191194156
1708,a6da20a140c7cd06b9b96531,oregonator,False,cycle,0.030841366591223107,0.4192106114256857
1709,1d65849bcaec87cf34766115,brusselator,True,cycle,51.3595107873042,143.2623096317274
1710,38f92649edfeb09db6f12c9e,cs14,True,chaos_candidate,0.7227585477701012,3.1777114210451582
1711,df46f0d1c7af8bb74aa0779c,wr,False,chaos_candidate,10.989950624195153,37.0318955510614
1712,fb771c721b74033b0e40b7bb,cs14,False,cycle,167.43170072392618,798.434039121541
1713,296989154f77519c12aac7cd,cs14,False,chaos_candidate,3.2942674714195346,38.86280104020691
1714,3b0568a728d07386c50e985d,cs14,True,chaos_candidate,1.93104564439544,9.825220157559954
1715,ddad07f97d87e3fa46f827b2,wr,True,chaos_candidate,6.350939283882838,21.23476729952648
1716,2d97b64c44f349272a8fdc9a,oregonator,True,cycle,0.0650017500667959,0.3120249559787545
1717,620998b9dbf754c45eec0147,cs14,True,chaos_candidate,0.769893474962163,3.8948947167900863
1718,1591a4ff2fd6c6a7eb0aab83,cs14,False,cycle,90.9802173668849,412.4053592216455
1719,296c0c32fc0c8ebf5d8c0549,oregonator,False,cycle,0.2475460373383893,1.2445229501894526
1720,366012650d3b454530a4e469,wr,True,chaos_candidate,14.85875721181131,70.5225215609804
1721,09579aed820aef35a256fa9e,oregonator,True,cycle,0.09132372020409679,1.5930271353165966
1722,a447ed668a393f8ca28b7437,cs14,True,chaos_candidate,18.123733791856186,103.8936897897658
1723,93a67e52ceecbea6163f9837,oregonator,False,cycle,0.21023424634399246,18.580973379798237
1724,c57e6f8cbef2e2fec039c163,cs14,True,chaos_candidate,1.5378145399285679,8.318036560294402
1725,2daad9ced37de135e25c6380,oregonator,True,cycle,0.049700958486543136,0.1818720140692438
1726,a69e7e4a343880b873aec0a6,oregonator,True,cycle,0.012054351225189426,0.1851433614923649
1727,d844c9910ec045ea08198483,wr,False,cycle,14.14752583465567,204.58147733142388
1728,4fa79f3857f5e466968a0543,cs14,False,chaos_candidate,11.38552860075918,114.64332482397668
1729,2a90e32adbaeb8db2dd441be,cs14,True,cycle,107.83114183031735,430.35646876507974
1730,8d3f224045da448f421558d5,oregonator,False,cycle,0.2018078880626126,1.0307983556880123
1731,c0393cc9bea4580f64165f5b,wr,False,cycle,2.1562737557878746,44.74356024580298
1732,f1c3a2ade3b9a4edbbd5bc2f,oregonator,True,cycle,0.15723204221026,4.42049282492807
1733,35572b45541ab90bd6e8be25,cs14,False,chaos_candidate,3.9939448394151564,15.111499965170793
1734,f6023ee8b5dbd5a1920500b0,cs14,False,chaos_candidate,3.7934206559872647,22.110083155313777
1735,d9b306a832ffa1d045f5806f,wr,False,chaos_candidate,10.999302145170315,37.41666840244472
1736,7d9f6c8af37d720a789483f4,wr,True,chaos_candidate,10.444940954047713,88.06544637013502
1737,131f1133f48fd3ef6a594658,cs14,True,cycle,16.40635154430661,60.420614909660515
1738,e099cfbc1e4e0f35ac39968e,cs14,False,chaos_candidate,2.735126970073806,13.382544535499107
1739,c72af78ee070b45d086c3309,oregonator,True,cycle,0.03664517946272212,0.30539246582348084
1740,8bbb712cbc4b2b4b838e0afc,cs14,False,chaos_candidate,6.082197795608554,38.25259016112755
1741,a37c695b47b21254267c7fc1,cs14,True,chaos_candidate,2.3332268210194385,16.765267903225844
1742,1fed6d881e93ea6e0f3e3bec,cs14,False,cycle,146.0910585646893,733.3275828953753
1743,069aba691b1659cd257f5daa,cs14,False,chaos_candidate,0.5584197467826311,6.336315304593686
1744,8f629b0c235bd4cf7d920426,cs14,True,cycle,0.9935004950499808,7.2234407901148625
1745,00e465437f7cee9b7b13f89b,cs14,True,chaos_candidate,1.766539651674409,9.126474690366084
1746,51b0cd93aa44b97d05b1b85d,oregonator,True,cycle,0.06419630744462396,0.23776714117444028
1747,c488ce51a17bdde0456f6baa,cs14,True,chaos_candidate,1.1034563635842327,5.592358223376928
1748,07df771881290d3770177dd7,oregonator,True,cycle,0.12181147176243703,2.24502518001018
1749,87c67a98d2b471dd1310da14,oregonator,True,cycle,0.21579867975122385,4.49253318087259
1750,91511dd0a8de10a3010c85c4,cs14,False,chaos_candidate,6.491934000260318,27.225992799223423
1751,1d1f28857fb7ded259bba602,oregonator,False,cycle,0.02648329835096124,0.5091098891642746
1752,1e67f5a788e1216dab41b8bb,oregonator,True,cycle,0.03813125877605584,0.200868379201066
1753,155e83f1d5ecde7ef17ebdee,brusselator,True,cycle,4.505528734048892,9.127061097254371
1754,0e9776efd7759187b3619fe1,cs14,True,chaos_candidate,0.6753631793696935,3.1311595678697075
1755,a43d66f1f4231ba3a191aaf2,cs14,False,chaos_candidate,2.7879222029056843,13.720085700444445
1756,623838a5aff4c09187444e25,cs14,True,chaos_candidate,22.87682351033755,104.30232847406516
1757,a3895e1dcd83ad4f112c225c,oregonator,True,cycle,0.042891067539064825,0.18592997843629813
1758,3ef5258b3c75d44394007e21,wr,False,cycle,1.2926984295330612,67.11004575833242
1759,9b27c1c764cf82757a1b693f,wr,True,cycle,1.3712806698109983,12.603378034684697
1760,81927f0376bed38b24a02f4a,cs14,False,cycle,0.10009129603474466,0.3176344713913838
1761,e0a6a303625a786361f47449,wr,True,cycle,0.5316522330338201,11.037876948068881
1762,374cbcfafc0a3082792a74a0,oregonator,True,cycle,0.03930404423598629,0.16743665114468548
1763,d2582b3c5eefc80d937a7c6e,cs14,False,chaos_candidate,3.6042917769845846,19.144995872205353
1764,b66f80f499dd1c525f07f97c,wr,False,cycle,0.5989945068438051,18.417617675891
1765,ec786ac61c92c0747f6cac5f,cs14,True,chaos_candidate,1.9805681282446568,9.751391766820104
1766,0c604af3303021a9aadd4ff3,cs14,True,chaos_candidate,2.5064823485970926,16.048515714279517
1767,7b05c36eda956a0abb26c514,oregonator,True,cycle,0.1308655684595158,1.502304726817212
1768,62085279d26067acb6a49114,cs14,True,chaos_candidate,1.8331607626002528,8.819439331386574
1769,b2513b06831f3e942bbe8959,brusselator,False,cycle,4.084103037927013,13.849874179184457
1770,3765c06c82c59aaccdeab73d,oregonator,False,cycle,0.12998751503111602,4.951935744386076
1771,7105d2a0edeaf91777329ff2,oregonator,False,cycle,0.07693768937706656,1.108480830826855
1772,5aab8650a94e058186bff69a,oregonator,False,cycle,0.2510525483836296,2.1874872728527683
1773,a5422eafed5c7ebe7e0ecec0,wr,True,cycle,0.16093776335773333,1.7908966923374994
1774,700c7c336dd150fd745b6e6e,cs14,False,chaos_candidate,9.656851225777944,94.32684980904924
1775,59e2f8b433825d925ca20216,cs14,True,chaos_candidate,4.988102567366329,22.86379360862405
1776,a56076fa453dca887f4c3ad9,wr,False,cycle,0.7197360971355894,31.578280526322793
1777,44d92d73ae7043dc2630abaf,cs14,True,chaos_candidate,0.5099902488861008,2.753048251073718
1778,da7cf9b1258cf1c8cb5ed97f,cs14,True,chaos_candidate,4.073970545687367,21.332964025332632
1779,0904c98d029683c5a8a7a99b,cs14,True,chaos_candidate,63.162488711639696,415.6881124442178
1780,ab499e972a2fd596a1d03ac6,cs14,False,chaos_candidate,1.5682693081247965,18.569038321697356
1781,af5de19150193be50ca789f2,oregonator,False,cycle,1.122847986118127,3.6193366210247135
1782,6afa433345a3cbca65b47ddb,oregonator,False,cycle,0.5083515828696691,11.093389218945672
1783,1d788db8855720a20d03c744,oregonator,True,cycle,0.43873342321951364,5.48023580876443
1784,352946bcc9fc12e7adca4efa,wr,False,chaos_candidate,11.735877863016619,38.265266593221654
1785,77bc6f3b35eed24485db116c,wr,False,cycle,0.6436779834985279,16.217123662282884
1786,548d92539b872f0b3a0c6a86,wr,False,cycle,0.3532160834477302,13.120855182816994
1787,9ca6acf2779523201d710d81,wr,False,cycle,0.10747229738499936,3.189149791646362
1788,8d891748c2bf2ed9de20b8ef,cs14,True,chaos_candidate,14.99202234628358,96.93221591849715
1789,5443bbb78df217e3d38a745b,wr,True,cycle,196.8019829732427,828.9415202516434
1790,7bf158e2d1d5f4a34f6a4e0d,cs14,False,chaos_candidate,10.597208475493218,151.15702398582826
1791,b4748f096d0a5706545f64fe,cs14,True,chaos_candidate,16.01367631579591,99.98059134525404
1792,51d2da7e3233d2729a2a2eee,cs14,False,chaos_candidate,5.175846204394907,43.50100415131006
1793,64c0c4f9f7e7517c5ccfbdd6,cs14,True,cycle,57.371878940065116,271.4026442546363
1794,ede58cdf9a415fe2f57e9dcf,cs14,False,chaos_candidate,7.31166903761344,38.857503122434686
1795,bf219a647dd20d1287d6e650,wr,True,cycle,2.2719199439239492,25.883038211450877
1796,eb321cd6b465438791551397,cs14,False,chaos_candidate,3.521456697875045,40.911983453277124
1797,fc34ee9f225485193c67d75d,oregonator,False,cycle,0.16185140485499674,10.308695630305154
1798,2b442d07a2d11db06f08d3cb,wr,True,chaos_candidate,30.293233559031602,172.23832780458977
1799,5ed181f852955897c7bf63bc,wr,False,cycle,1.106548243097229,63.96433506034543
1800,7b2a31072612ceace8971f06,oregonator,False,cycle,0.06894675818464031,0.44083587344709363
1801,35d1d18234c1f56a9a08dd96,cs14,False,chaos_candidate,13.785492635101559,104.24463691561387
1802,ab9e3a9838e1cfae6eb7806c,oregonator,False,cycle,0.11034217362396367,0.5071660579105426
1803,6c7b29010b12a1c413201df8,wr,False,chaos_candidate,1.8174703574070117,30.59886862585327
1804,8725efe16396c7381b5f67f1,cs14,False,chaos_candidate,3.7689309817396084,56.564071059004384
1805,2c0c428742ca67612eaf21c3,cs14,False,chaos_candidate,7.819183868961658,104.11755880832978
1806,9873ad3a4e8c2fe5c7fa139c,cs14,True,chaos_candidate,3.887129297694758,25.401655800028294
1807,5651c7ba737136546e7812d6,oregonator,False,cycle,0.015591873718799483,0.17716496927710335
1808,ff5517276ae413d85542b4bf,wr,True,cycle,1.164752119199285,11.264051922668123
1809,2c73f82ae2ab680ee1e9a7a6,cs14,True,chaos_candidate,25.063590911486802,156.26244578810633
1810,6bc1901573778e6f6eab2e75,wr,False,chaos_candidate,12.441843500302873,39.26737407594724
1811,fc61ffbceb9818caba9faaa8,wr,True,cycle,0.3231094360555402,8.493820720323889
1812,21600fd59b2bed74eb26ff22,cs14,False,chaos_candidate,16.37789611822374,153.61293279388525
1813,538c0802e7497177c2eed441,cs14,False,chaos_candidate,6.96904650047316,35.674000236652105
1814,8a32d388f278cc92961aa2a1,wr,True,cycle,0.13999711909818102,3.8321751886226862
1815,112f303cc88d7b52cb33d182,cs14,False,chaos_candidate,2.7775362573849462,13.45225350142023
1816,1ec29cfb6c42085468269532,wr,False,cycle,1.0414013328195042,34.149517119515465
1817,86b96608f8f1a68ee66a53fa,oregonator,True,cycle,0.057411730393493246,1.230415384713166
1818,0dded3b2eef46ba4525b86da,cs14,False,chaos_candidate,4.297274095572734,28.53982140240682
1819,cf6500598a7fe2cb6e23386f,cs14,True,chaos_candidate,0.4178254079390251,2.391916606629428
1820,d06e184767e5d8c5ff01dfcc,oregonator,False,cycle,0.1374995503066778,9.210888185888406
1821,8508b82f6ff152b3610e522f,cs14,False,chaos_candidate,2.7564982087199676,13.790145644582706
1822,b331e842db1de6bc74fcc11c,cs14,True,chaos_candidate,3.8259138880211836,26.02861062139533
1823,4368d2c8cd20eb9be1ddfb21,brusselator,False,cycle,0.37851405532053695,6.735311811377591
1824,a24cde0e75b902306614292f,wr,True,chaos_candidate,10.155782162768075,45.21105039754881
1825,717b5661f72046d47acb187e,cs14,True,chaos_candidate,0.4704430040194943,2.175864513057727
1826,9b89b53e81ee9c43d9d6f37f,oregonator,True,cycle,0.6756327498639314,2.2387608357370405
1827,ccd0b39c1f6d600a47289fec,oregonator,False,cycle,0.09720584323688557,1.1031202682957737
1828,84b3ebe40b8d0983357d547a,oregonator,False,cycle,0.02003422078481111,0.5412066946351675
1829,269163bf9254e81899852ce3,cs14,True,chaos_candidate,19.898376261147288,143.7944386953948
1830,aff31b3080a54d651dbf5479,oregonator,False,cycle,0.08932028840591029,0.48622735512506726
1831,d383663393f77246c2170cc8,cs14,True,chaos_candidate,2.41769396991866,16.20125451526673
1832,b282a60d287bc122139e5c1a,cs14,True,chaos_candidate,16.464054831723047,95.16575674404396
1833,50dd918bfca8e9967abbd028,oregonator,False,cycle,0.041145267320863176,0.15684838424929148
1834,48e7ef6cf8d3a3faf5c46647,cs14,True,cycle,0.1871055001267597,0.5678876176769336
1835,e6cf7284e258a5c299518a01,wr,True,cycle,2.2446876162737133,26.067278409126505
1836,570a9a74170f0e413b748ea9,cs14,True,chaos_candidate,2.5793246178497884,9.973982944873416
1837,d743267dddbacea83df87417,cs14,True,chaos_candidate,1.971730253204939,9.956891384984388
1838,0cfb4b87395ba5c6a1df09bf,wr,True,cycle,0.18870935612857834,8.307777390871124
1839,fad6c7bbe5499c4a1710ef66,wr,True,cycle,0.15133726545068116,3.270950248718654
1840,8973d04fa4f535ac66c42639,oregonator,False,cycle,0.0926523477098005,3.043141324840961
1841,6793145547cdc4d4c05077ca,cs14,False,chaos_candidate,2.6539273006990336,13.243462237651537
1842,2ba41522713c42c84c044731,cs14,True,chaos_candidate,4.660194625057041,23.449512688380693
1843,9ef300295eead5a56d6c2dcc,wr,False,cycle,0.33328258287663176,24.690203006002548
1844,f65d5e3396218c654023ecb9,wr,False,cycle,0.42352191150678015,16.69622595630333
1845,366a6c71fdc0871944f51275,cs14,False,chaos_candidate,3.3764275096663066,19.159209575408266
1846,32b58cc3ee63c4178d450bdb,wr,False,cycle,0.4839370404129733,30.47471928107508
1847,8f22372a57a915182cb069d2,wr,True,cycle,1.1093337267422427,3.2356262218539844
1848,0642d24018a7f105d35c5745,cs14,True,cycle,0.07006304514140785,0.2465513775337451
1849,2d487b176aebaab2cbe15ee7,wr,True,chaos_candidate,11.884163561862634,46.85075197079808
1850,0562e96cbc85152dbd9a79a7,wr,True,cycle,0.45547928386596226,14.34269823394737
1851,6957c8e8081844e32af30e41,wr,False,cycle,0.17377121397683115,32.0519262479419
1852,abd4b191641dedb7717582cd,cs14,True,chaos_candidate,6.013983302510161,41.42203774180182
1853,00649e20fdcb00980bb04cce,wr,False,cycle,0.8196766501378793,27.970623137493757
1854,381eac13302748544eff0967,cs14,True,chaos_candidate,10.616437318005914,83.44795943862981
1855,d3fa11c207202c7634ee61d8,cs14,False,chaos_candidate,8.182496626357752,87.68461977394861
1856,d332410ed5ec71857a9fb89c,cs14,True,chaos_candidate,8.073263254474881,40.92617888395272
1857,4cddd6ef7fb6d4f98e8b3579,wr,True,chaos_candidate,11.01421924632964,40.62675260388266
1858,ef7f461f1d2522fb5d8d7ea1,cs14,True,chaos_candidate,1.4812918129777304,7.665515434511408
1859,0c24c6e0db0012c189b15493,cs14,False,chaos_candidate,0.6372718909751847,2.7863064897458387
1860,73c929e917415bbfb75ec185,oregonator,True,cycle,0.06617877252581733,0.22500077476350083
1861,989afa010aca155a9b99826e,cs14,False,chaos_candidate,7.8929527132724,112.12854630821649
1862,26a46ae3f76eb0e2b47c1079,cs14,True,chaos_candidate,10.639046550906777,70.00329692746504
1863,d8da5e50d01a63b2421e6dae,cs14,False,cycle,108.79630543321834,772.3842233000662
1864,2afb758a85d92ed28127be29,wr,False,chaos_candidate,2.2053348438114684,27.82335898979998
1865,9ab8bb6a11e1649b8e4a319e,oregonator,False,cycle,0.06910076826961742,4.188443108187811
1866,70b7d5e7638044fc1f0e0498,cs14,True,chaos_candidate,0.9943127752978124,6.630822548476805
1867,12aa473f7e0b9797e0cf7fab,oregonator,False,cycle,0.07421918537310816,4.891618540802598
1868,3d4ecb5604ec02ab9add057a,cs14,False,chaos_candidate,14.463856647726674,101.49081578453621
1869,046ab7036011173b9b6e3704,cs14,False,cycle,0.2259248557759068,0.790560795062522
1870,3dfa3621e3e00ffd6ec355ee,cs14,False,chaos_candidate,10.955317967378866,109.13031368921561
1871,0db390681a98e809eababc9f,oregonator,False,cycle,0.07056638372642708,0.45085078337539014
1872,6b3aa144c5d3443dd3971962,cs14,False,chaos_candidate,2.5225960777636316,12.449818762017529
1873,e096f2b4179091acae77ca8b,cs14,True,chaos_candidate,0.698346758321872,3.624100280550275
1874,d5a094e8ea9bc9f505d3c97b,wr,False,cycle,0.3617647298780929,12.208233590321464
1875,265646a52e5cfca7a7634ccc,wr,True,chaos_candidate,6.801936712810232,24.61058226422894
1876,2e947b3b485c7febce74b546,cs14,False,chaos_candidate,22.55000234161096,377.63661618148984
1877,39a302c2ad67482925e3560c,oregonator,True,cycle,0.055365928603656106,0.24756075446755066
1878,effeb2ede875b5d1c0d0d30d,cs14,False,cycle,0.21440737450335356,0.7401267392161454
1879,ade949a57a821e8d76f8c3b5,cs14,False,chaos_candidate,6.313249469093994,100.00724856081244
1880,fb5df41fb577a306c4b785b8,cs14,True,chaos_candidate,12.449185757946157,77.32442392895342
1881,0bbfcd9073d3a842b36c9759,cs14,True,chaos_candidate,102.90953865402845,500.31223731417685
1882,6e4ac411f15363e9ef2ef234,cs14,False,chaos_candidate,4.277262211180343,53.837962758922664
1883,eab4f0a65ee8872b273c717d,wr,False,cycle,0.3583051981500146,14.694215599835301
1884,eb3f766c4d89677343f31227,cs14,False,chaos_candidate,2.847814894028039,12.917982346125248
1885,055737e2daada6f98a3da5ec,cs14,True,chaos_candidate,102.65715700571037,659.3410805901405
1886,8edefd7647726f9ee3ea7e8d,wr,False,cycle,97.52428319592038,643.0219989671566
1887,f9e627b35b099472db3bf0b8,cs14,False,chaos_candidate,2.906509155891838,14.40772337927936
1888,f5debb4c2089bf7e0b1e2a1c,oregonator,False,cycle,0.03242790496579683,0.5713481841206393
1889,c0b106444c993d1da11ad849,oregonator,True,cycle,0.1305018948784908,2.5153830373723527
1890,6dd1cb7eade7ba66f9a6b3b8,wr,False,cycle,0.958494025145983,22.835951053090277
1891,01cb224613e5f1d1ded701de,wr,True,chaos_candidate,11.118259358387867,44.3032673919764
1892,76877cddb3b8d03185dec428,cs14,True,cycle,18.100582811735652,60.78111900336218
1893,142b1bc14fca83f26df89503,cs14,True,chaos_candidate,1.5147417063069195,8.798680453442968
1894,6db05fb39891e16fcea263a1,oregonator,True,cycle,0.0764533522088816,0.8684268291818308
1895,2e7e72cee4c6a7961d1dc289,oregonator,True,cycle,0.31035493703378236,1.0668308345309758
1896,3df810e6283b2520baeb1cdc,cs14,True,chaos_candidate,1.6641862904587834,9.918572022297088
1897,785d7d27007c742f61e1b3d9,oregonator,True,cycle,0.018399891683569872,0.11431682328828804
1898,157d66c3744fdd8c307b9b64,cs14,False,cycle,68.84022436880613,525.7705285456234
1899,bc9b494cc2b575176b02147a,oregonator,True,cycle,0.25384313503232325,2.962981673446386
1900,647cc24c89fe2642ebb4a5dc,cs14,False,chaos_candidate,35.35085755920041,235.21659638777032
1901,033ea208e7359d26c4b78783,cs14,True,chaos_candidate,1.5546040904720388,8.641379036040442
1902,5961a3a94b0122a310a82ff3,cs14,True,chaos_candidate,2.467832890981892,14.01294718527801
1903,e8b271ce224f9ce28eccf7ce,cs14,False,cycle,113.21877289342544,495.31957625644895
1904,3f51585d199dbf3344f3b8b4,cs14,False,chaos_candidate,1.0784240939873784,12.930011111607682
1905,0c367d4d642eaa0395dd6be0,oregonator,True,cycle,0.09313203274774072,0.7353078375885994
1906,c5fa639fbd167a83c1b385f6,wr,True,cycle,0.19967509953924067,2.347555956587794
1907,b5158d53055b8cdd5732a24f,cs14,True,chaos_candidate,1.7512043133632011,8.320750282715286
1908,e874fe023ce3e6fca6a9e4ea,oregonator,False,cycle,0.39416236949904015,17.876275028664256
1909,cc79ef2c367789e3e5c6ca2d,cs14,False,chaos_candidate,9.492179005278306,66.93614188984522
1910,dc29293d37c8948296b9f870,wr,True,cycle,0.14427094072789753,2.2257523407967583
1911,4bf68799a7e31784ad6b0a99,cs14,True,chaos_candidate,11.97184200284214,74.61443808334613
1912,84cbeedb779a796ea02fc166,oregonator,True,cycle,0.04737198052108272,0.24537564716067173
1913,0f0521521c5337a9e0603e5e,wr,False,cycle,0.8445191769202263,17.08943551874582
1914,c3d36747ebd49381d49a8aea,cs14,False,chaos_candidate,19.14357532225356,106.65327416437714
1915,4540720301ac1ca60d120263,cs14,True,chaos_candidate,1.0848265411600335,5.040714453326537
1916,cfb22d4542a6652b22d90312,wr,True,cycle,41.13542453840254,163.30335966707682
1917,58a33a5afbbdc00652f04ca2,wr,True,chaos_candidate,17.54177989914117,67.88519965950698
1918,fa8a2f2db66bf7abd3cf6874,cs14,True,chaos_candidate,2.4405169622439633,17.02124314022723
1919,149ce415b162e64134a6cd58,cs14,False,chaos_candidate,1.2530148946608393,11.523468378804985
1920,b233831a67d93a8e539a6613,oregonator,True,cycle,0.09826911605815089,1.7333303135936384
1921,b590c41a7815529a51e6540c,cs14,False,chaos_candidate,3.6522268006241156,17.53837827324003
1922,52ff1a1aa73d2eb6b8ca3cc1,oregonator,True,cycle,0.024453225811201126,0.5085309083154483
1923,9ea5d863053ffd6c58f754d4,cs14,False,chaos_candidate,3.6384620688950036,18.086078161710848
1924,61138ab0f7a83b071aebb614,oregonator,True,cycle,0.11748983450605521,1.1866857088863818
1925,57c002dce071477872d76146,cs14,False,chaos_candidate,9.719045060031087,74.88834637167125
1926,9a623534236eccdfd2ea485e,cs14,True,chaos_candidate,3.7476726834363694,33.719929985716334
1927,b31f463db2c3e0d63b743104,oregonator,False,cycle,0.22196562296425,2.0375766630780987
1928,66688ed3983feccd49c00a96,oregonator,False,cycle,0.11860452601601824,0.5987791955639732
1929,5cadbab2b2990de893c2f338,wr,True,chaos_candidate,10.375761496153817,44.5804851846628
1930,71cb5575ac7a1e1c9190d61a,cs14,True,chaos_candidate,1.0500203926427845,5.3161133707210455
1931,c58e9002e90034a901c7eb62,cs14,True,chaos_candidate,51.12565680019996,301.39569640005055
1932,2d622b38e93722d0dd65d997,cs14,False,cycle,0.2066590843571963,0.6712664501321886
1933,c91059c836b1d2793804753b,oregonator,False,cycle,0.08743592456781585,1.0304912869576508
1934,9b0af820173b0daab5fc4e4e,cs14,False,chaos_candidate,2.827000167889027,13.948143083098929
1935,c9a07a76e05899d5e72a917e,cs14,True,chaos_candidate,4.420162758471319,22.474983299868583
1936,54f039d61fd001634a2a3eb1,wr,True,cycle,0.06394626909316257,1.0938931719906793
1937,5963ed27cc285accccf74376,wr,False,cycle,0.12001589538838407,5.333178088159155
1938,7ef50eaa9c0620bbbba0b8f7,oregonator,True,cycle,0.042173470145472174,0.3467711193065213
1939,7e557588ea0b0ba66c2978d1,wr,True,chaos_candidate,6.910264140100499,24.833091981630943
1940,1d8136a6d0bee76a85ce0c77,cs14,True,chaos_candidate,1.8554822241661164,15.985210367490941
1941,a6cb99c70c09c542c46c8a38,oregonator,False,cycle,0.056881881612391834,2.3863887949236706
1942,6f726bd66d85501ed8d6acc3,cs14,True,cycle,16.979125522961922,62.85815117525992
1943,dad8573be7f0582e12ae105c,wr,False,cycle,118.84847750309248,306.566588971389
1944,6585d65b0c739952d8b360eb,cs14,False,chaos_candidate,11.802347577637509,163.8440050474311
1945,14313a5dc75f3929bfc609aa,cs14,True,chaos_candidate,1.5310669053833867,8.736942149996061
1946,6ee9e672ba66550eb65d960b,oregonator,False,cycle,0.06252139934575206,2.8373915652069237
1947,3c2b739345254485290ae4a0,cs14,False,chaos_candidate,0.9265625843074035,7.210744939575086
1948,ed961275dcd780bfa3f2298c,wr,False,cycle,1.3737664565042287,45.523943407803415
1949,4c5d102ef6e3911d3c8ab3dc,cs14,False,chaos_candidate,3.6904789336723844,81.8991014417059
1950,aa2ce493c7ecf0f2c502975f,oregonator,False,cycle,0.29200746929498567,0.9542873691701927
1951,079542fa24914168dcef9a8e,cs14,False,cycle,0.22399899687447675,0.7888080628656899
1952,3fdcfb0d61a99d4c30b5e377,cs14,False,chaos_candidate,2.8696207916949246,16.307483750389725
1953,9f32843a94366c38e6af3c6d,cs14,True,chaos_candidate,16.42989986250476,94.77697493119068
1954,e3e99a47fb6e724bdb280637,cs14,True,chaos_candidate,0.8374920850018733,4.295231889057381
1955,934ece25c9fdf827c9600e28,cs14,False,chaos_candidate,6.487506787336374,37.80608607952946
1956,ab54b406bc9785abf45646f2,oregonator,True,cycle,0.038987481034168145,0.9158814806780378
1957,f13fb15a57acfea71d3a4037,cs14,True,chaos_candidate,41.19327161330445,195.35859381057335
1958,37cdc39760d7b84be88843d5,wr,True,cycle,1.0344051957697504,15.11790556918216
1959,75374768232c87cfa50bede1,cs14,False,chaos_candidate,6.119271818237017,51.67654958227052
1960,1cd10d7432bd6c0a4cc586c7,oregonator,False,cycle,0.11589680024054817,7.04681553774184
1961,cdf5bb34e4be04861a57edbb,cs14,False,chaos_candidate,7.896130469517286,71.27172366663892
1962,ac7df2f58dd5776cb3761485,cs14,False,cycle,0.24389552756537483,0.7432756281671029
1963,d2668e98ff09acd29b55eaa0,cs14,False,chaos_candidate,5.361414559413695,41.5209310298362
1964,7dbf0df3ae2d33c9a8e96853,cs14,True,chaos_candidate,6.181007213708328,41.3167799699348
1965,04e06455122ecf8197f35433,cs14,False,chaos_candidate,17.802841811496187,165.90158817202095
1966,d80d71e9e163b22dd8c0be59,wr,False,cycle,2.4432507147041274,51.37745592589214
1967,7a1bac187f4cccb3f9b4301f,cs14,True,chaos_candidate,4.940529225512876,23.7731722079094
1968,583e59dc2d72997bb598227f,cs14,True,chaos_candidate,4.586271933599127,21.53189532439681
1969,191e72e7daeaf8a300d4d789,wr,True,cycle,0.19821620336762602,7.0875943614976356
1970,43645152ae8a07bdf94e9c3b,cs14,False,chaos_candidate,0.398384067545796,2.1786134745934755
1971,1bbbb411f000a6256d541e8b,oregonator,False,cycle,0.2569154449836735,0.8322824353064744
1972,a72f0f64bb5f7187f7eb5c9e,cs14,False,chaos_candidate,0.6048044122396083,5.4375206656408706
1973,7a19de7295d6e1ae8a9d27ab,cs14,True,chaos_candidate,16.678462545525473,91.20608612557318
1974,26846b5d84b9a19d8d991f5c,oregonator,False,cycle,0.12438919311953126,5.225128926679221
1975,19402d5094a6ebd0c89538db,cs14,True,chaos_candidate,19.165099797116735,102.82848018414448
1976,6a9834ac571396de5aa1ab51,cs14,False,cycle,0.1221373116200094,0.39533144761302846
1977,033548c70d1de627f3f8ec4c,cs14,True,chaos_candidate,43.869589530499006,204.58748036753767
1978,700183ef410af0b3d6be0661,cs14,False,chaos_candidate,8.905758831797346,90.7836505328094
1979,946d76d02c3db8f0f93588ff,cs14,True,chaos_candidate,0.8235772783094699,6.703495517313971
1980,41d83d25af4ca1e0acf8cbfc,cs14,False,chaos_candidate,23.333536914593477,224.0378437094007
1981,52a2da0658ddc1ff267fff2b,wr,False,cycle,0.22889683260171134,5.417943336982474
1982,969028caacb9c6828cfeef2d,oregonator,True,cycle,0.2362280054611373,4.529146793789512
1983,081f82cfea7148bad81fb163,oregonator,False,cycle,0.02780407113596641,0.1578442658651436
1984,41e4a531132aec7be85e895a,cs14,True,chaos_candidate,1.4629239506632739,7.882919126469336
1985,8187c6d10c587e0f9072fed5,oregonator,True,cycle,0.09314464600426661,0.7172480778589587
1986,0d533e6f23bb053bdd5187b9,cs14,False,chaos_candidate,6.74552009696256,38.41165740989863
1987,7434fac6fdb560b9ca01952f,cs14,False,chaos_candidate,7.199516675364999,81.57574340617423
1988,2a689b645ae302222d0e4888,brusselator,False,cycle,4.272517116097571,12.311869857265286
1989,8ac7441d258f977adbce86af,oregonator,False,cycle,0.14047355231784817,7.228669440891829
1990,e94db9d58c7b03d318141846,cs14,False,chaos_candidate,21.722975950664846,192.32976818763234
1991,3d2c5bb264adc89dfec55f0a,oregonator,False,cycle,0.03657693271983862,0.15520495695578437
1992,6b77dcea7b827d76a5d32643,cs14,False,chaos_candidate,7.476508694267354,69.41773121895527
1993,8bc50fde9e6cecab9d8393e9,cs14,False,chaos_candidate,1.2218452957808776,10.672842190786255
1994,ed2707b32342131fba93a447,cs14,True,chaos_candidate,1.2260916322791306,5.628379818820732
1995,3d89756bbe0f233a436cf5d9,cs14,False,chaos_candidate,13.348647953325417,107.627112315582
1996,37ba2d3df5676bdc7a7e67e6,wr,False,chaos_candidate,10.513095791848993,39.07968347922351
1997,23d6870ebe891a4d9708916b,wr,False,chaos_candidate,10.94620908798184,36.67788528231369
1998,a7142099abc09ee4e5d4f0d2,oregonator,False,cycle,0.05984290134280877,3.056372181725348
1999,c155c18edb85cf66bc2dda18,wr,False,cycle,0.579898880529335,68.33000475859978
